Indicador,IndicadorDetalhe,Data,DataReferencia,Media,Mediana,DesvioPadrao,Minimo,Maximo,numeroRespondentes,baseCalculo
Balança comercial,Exportações,2001-11-06,2001,58.54,58.3,1.21,55.4,64.15,,0
Balança comercial,Exportações,2001-11-06,2002,61.17,61.0,2.13,56.6,66.0,,0
Balança comercial,Exportações,2001-11-06,2003,66.82,67.7,3.26,62.1,71.7,,0
Balança comercial,Exportações,2001-11-06,2004,67.28,67.28,2.23,65.7,68.85,,0
Balança comercial,Exportações,2001-11-06,2005,69.9,69.9,0.0,69.9,69.9,,0
Balança comercial,Exportações,2001-11-07,2001,58.48,58.4,1.15,55.4,64.15,,0
Balança comercial,Exportações,2001-11-07,2002,61.09,61.0,2.02,56.6,66.0,,0
Balança comercial,Exportações,2001-11-07,2003,66.41,66.0,2.84,62.1,71.7,,0
Balança comercial,Exportações,2001-11-07,2004,69.8,68.85,3.48,65.7,75.62,,0
Balança comercial,Exportações,2001-11-07,2005,74.95,74.95,7.14,69.9,80.0,,0
Balança comercial,Exportações,2001-11-08,2001,58.5,58.4,1.11,55.4,64.15,,0
Balança comercial,Exportações,2001-11-08,2002,61.11,61.0,1.96,56.6,66.0,,0
Balança comercial,Exportações,2001-11-08,2003,66.42,66.0,2.84,62.1,71.7,,0
Balança comercial,Exportações,2001-11-08,2004,71.15,72.0,3.41,65.7,75.62,,0
Balança comercial,Exportações,2001-11-08,2005,76.1,76.5,5.55,69.9,81.51,,0
Balança comercial,Exportações,2001-11-09,2001,58.4,58.41,0.76,55.4,60.0,,0
Balança comercial,Exportações,2001-11-09,2002,61.07,61.05,1.8599999999999999,56.6,65.4,,0
Balança comercial,Exportações,2001-11-09,2003,66.63,66.4,2.65,62.1,71.7,,0
Balança comercial,Exportações,2001-11-09,2004,71.44,72.1,3.13,65.7,75.62,,0
Balança comercial,Exportações,2001-11-09,2005,76.68,79.0,4.98,69.9,81.51,,0
Balança comercial,Exportações,2001-11-12,2001,58.45,58.5,0.75,55.4,60.0,,0
Balança comercial,Exportações,2001-11-12,2002,61.27,61.15,1.9500000000000002,56.6,66.5,,0
Balança comercial,Exportações,2001-11-12,2003,66.7,66.9,2.63,62.1,71.7,,0
Balança comercial,Exportações,2001-11-12,2004,71.48,72.05,3.03,65.7,75.62,,0
Balança comercial,Exportações,2001-11-12,2005,76.57,77.5,4.46,69.9,81.51,,0
Balança comercial,Exportações,2001-11-13,2001,58.51,58.5,0.86,55.4,62.0,,0
Balança comercial,Exportações,2001-11-13,2002,61.29,61.1,1.94,56.6,66.0,,0
Balança comercial,Exportações,2001-11-13,2003,66.8,66.8,2.56,62.1,71.7,,0
Balança comercial,Exportações,2001-11-13,2004,71.51,72.1,2.81,65.7,75.62,,0
Balança comercial,Exportações,2001-11-13,2005,77.3,79.0,4.02,69.9,81.51,,0
Balança comercial,Exportações,2001-11-14,2001,58.49,58.49,0.84,55.4,62.0,,0
Balança comercial,Exportações,2001-11-14,2002,61.17,61.0,1.92,56.6,66.0,,0
Balança comercial,Exportações,2001-11-14,2003,66.57,66.8,2.7,62.0,71.7,,0
Balança comercial,Exportações,2001-11-14,2004,71.14,72.0,3.05,65.7,75.62,,0
Balança comercial,Exportações,2001-11-14,2005,76.9,79.0,4.48,69.9,82.7,,0
Balança comercial,Exportações,2001-11-16,2001,58.47,58.48,0.8300000000000001,55.4,62.0,,0
Balança comercial,Exportações,2001-11-16,2002,61.17,61.05,1.92,56.6,66.0,,0
Balança comercial,Exportações,2001-11-16,2003,66.57,66.8,2.7,62.0,71.7,,0
Balança comercial,Exportações,2001-11-16,2004,71.43,72.05,3.25,65.7,77.0,,0
Balança comercial,Exportações,2001-11-16,2005,76.9,79.0,4.48,69.9,82.7,,0
Balança comercial,Exportações,2001-11-19,2001,58.48,58.44,0.8300000000000001,55.4,62.0,,0
Balança comercial,Exportações,2001-11-19,2002,61.22,61.1,1.9300000000000002,56.6,66.0,,0
Balança comercial,Exportações,2001-11-19,2003,66.73,66.8,2.76,62.0,71.7,,0
Balança comercial,Exportações,2001-11-19,2004,71.75,72.1,3.49,65.7,78.2,,0
Balança comercial,Exportações,2001-11-19,2005,76.9,79.0,4.48,69.9,82.7,,0
Balança comercial,Exportações,2001-11-20,2001,58.49,58.49,0.8300000000000001,55.4,62.0,,0
Balança comercial,Exportações,2001-11-20,2002,61.16,61.1,1.92,56.6,66.0,,0
Balança comercial,Exportações,2001-11-20,2003,66.64,66.8,2.7,62.0,71.7,,0
Balança comercial,Exportações,2001-11-20,2004,71.61,72.1,3.4,65.7,78.2,,0
Balança comercial,Exportações,2001-11-20,2005,76.61,78.35,4.25,69.9,82.7,,0
Balança comercial,Exportações,2001-11-21,2001,58.46,58.48,0.86,55.4,62.0,,0
Balança comercial,Exportações,2001-11-21,2002,61.17,61.1,1.9100000000000001,56.6,66.0,,0
Balança comercial,Exportações,2001-11-21,2003,66.59,66.8,2.68,62.0,71.7,,0
Balança comercial,Exportações,2001-11-21,2004,71.45,72.05,3.41,65.7,78.2,,0
Balança comercial,Exportações,2001-11-21,2005,76.24,77.18,4.25,69.9,82.7,,0
Balança comercial,Exportações,2001-11-22,2001,58.46,58.48,0.85,55.4,62.0,,0
Balança comercial,Exportações,2001-11-22,2002,61.21,61.1,1.88,56.6,66.0,,0
Balança comercial,Exportações,2001-11-22,2003,66.59,66.8,2.68,62.0,71.7,,0
Balança comercial,Exportações,2001-11-22,2004,71.45,72.05,3.41,65.7,78.2,,0
Balança comercial,Exportações,2001-11-22,2005,76.24,77.18,4.25,69.9,82.7,,0
Balança comercial,Exportações,2001-11-23,2001,58.45,58.48,0.85,55.4,62.0,,0
Balança comercial,Exportações,2001-11-23,2002,61.21,61.1,1.88,56.6,66.0,,0
Balança comercial,Exportações,2001-11-23,2003,66.4,66.8,2.81,62.0,71.7,,0
Balança comercial,Exportações,2001-11-23,2004,71.02,72.0,3.76,65.0,78.2,,0
Balança comercial,Exportações,2001-11-23,2005,75.63,76.0,4.63,68.3,82.7,,0
Balança comercial,Exportações,2001-11-26,2001,58.47,58.5,0.84,55.4,62.0,,0
Balança comercial,Exportações,2001-11-26,2002,61.23,61.1,1.8900000000000001,56.6,66.0,,0
Balança comercial,Exportações,2001-11-26,2003,66.4,66.8,2.81,62.0,71.7,,0
Balança comercial,Exportações,2001-11-26,2004,71.02,72.0,3.76,65.0,78.2,,0
Balança comercial,Exportações,2001-11-26,2005,75.63,76.0,4.63,68.3,82.7,,0
Balança comercial,Exportações,2001-11-27,2001,58.47,58.5,0.8200000000000001,55.4,62.0,,0
Balança comercial,Exportações,2001-11-27,2002,61.26,61.05,1.92,56.6,66.0,,0
Balança comercial,Exportações,2001-11-27,2003,66.4,66.8,2.81,62.0,71.7,,0
Balança comercial,Exportações,2001-11-27,2004,71.02,72.0,3.76,65.0,78.2,,0
Balança comercial,Exportações,2001-11-27,2005,75.63,76.0,4.63,68.3,82.7,,0
Balança comercial,Exportações,2001-11-28,2001,58.45,58.48,0.78,55.4,62.0,,0
Balança comercial,Exportações,2001-11-28,2002,61.15,61.0,2.03,55.02,66.0,,0
Balança comercial,Exportações,2001-11-28,2003,66.33,66.34,2.81,62.0,71.7,,0
Balança comercial,Exportações,2001-11-28,2004,71.02,72.0,3.76,65.0,78.2,,0
Balança comercial,Exportações,2001-11-28,2005,75.63,76.0,4.63,68.3,82.7,,0
Balança comercial,Exportações,2001-11-29,2001,58.46,58.48,0.79,55.4,62.0,,0
Balança comercial,Exportações,2001-11-29,2002,61.14,61.0,2.08,55.02,66.0,,0
Balança comercial,Exportações,2001-11-29,2003,66.54,66.8,2.8,62.0,71.7,,0
Balança comercial,Exportações,2001-11-29,2004,71.25,72.15,3.81,65.0,78.2,,0
Balança comercial,Exportações,2001-11-29,2005,75.54,75.0,4.49,68.3,81.83,,0
Balança comercial,Exportações,2001-11-30,2001,58.45,58.41,0.78,55.4,62.0,,0
Balança comercial,Exportações,2001-11-30,2002,61.16,61.0,2.07,55.02,66.0,,0
Balança comercial,Exportações,2001-11-30,2003,66.52,66.8,2.75,62.0,71.7,,0
Balança comercial,Exportações,2001-11-30,2004,71.26,72.15,3.81,65.0,78.2,,0
Balança comercial,Exportações,2001-11-30,2005,75.43,74.0,4.34,68.3,81.83,,0
Balança comercial,Exportações,2001-12-03,2001,58.44,58.4,0.78,55.4,62.0,,0
Balança comercial,Exportações,2001-12-03,2002,61.16,61.0,2.07,55.02,66.0,,0
Balança comercial,Exportações,2001-12-03,2003,66.52,66.8,2.75,62.0,71.7,,0
Balança comercial,Exportações,2001-12-03,2004,71.26,72.15,3.81,65.0,78.2,,0
Balança comercial,Exportações,2001-12-03,2005,75.43,74.0,4.34,68.3,81.83,,0
Balança comercial,Exportações,2001-12-04,2001,58.48,58.41,0.73,55.4,62.0,,0
Balança comercial,Exportações,2001-12-04,2002,61.17,61.0,2.05,55.02,66.0,,0
Balança comercial,Exportações,2001-12-04,2003,66.51,66.8,2.73,62.0,71.3,,0
Balança comercial,Exportações,2001-12-04,2004,71.26,72.15,3.81,65.0,78.2,,0
Balança comercial,Exportações,2001-12-04,2005,75.43,74.0,4.34,68.3,81.83,,0
Balança comercial,Exportações,2001-12-05,2001,58.47,58.39,0.72,55.4,62.0,,0
Balança comercial,Exportações,2001-12-05,2002,61.1,61.0,2.03,55.02,66.0,,0
Balança comercial,Exportações,2001-12-05,2003,66.39,66.34,2.65,62.0,71.3,,0
Balança comercial,Exportações,2001-12-05,2004,71.28,72.15,3.7800000000000002,65.0,78.2,,0
Balança comercial,Exportações,2001-12-05,2005,75.46,74.0,4.31,68.3,81.83,,0
Balança comercial,Exportações,2001-12-06,2001,58.45,58.39,0.76,55.4,62.0,,0
Balança comercial,Exportações,2001-12-06,2002,61.13,61.0,2.01,55.02,66.0,,0
Balança comercial,Exportações,2001-12-06,2003,66.27,66.0,2.71,62.0,71.3,,0
Balança comercial,Exportações,2001-12-06,2004,71.27,72.05,3.7800000000000002,65.0,78.2,,0
Balança comercial,Exportações,2001-12-06,2005,75.75,74.0,4.65,68.3,82.7,,0
Balança comercial,Exportações,2001-12-07,2001,58.5,58.41,0.64,56.4,62.0,,0
Balança comercial,Exportações,2001-12-07,2002,61.14,61.0,1.97,55.02,66.0,,0
Balança comercial,Exportações,2001-12-07,2003,66.35,66.17,2.7199999999999998,62.0,71.3,,0
Balança comercial,Exportações,2001-12-07,2004,71.3,72.0,3.7,65.0,78.2,,0
Balança comercial,Exportações,2001-12-07,2005,75.28,74.0,4.88,68.0,82.7,,0
Balança comercial,Exportações,2001-12-10,2001,58.48,58.4,0.63,56.4,62.0,,0
Balança comercial,Exportações,2001-12-10,2002,61.11,61.0,1.9300000000000002,55.02,66.0,,0
Balança comercial,Exportações,2001-12-10,2003,66.29,66.17,2.67,62.0,71.3,,0
Balança comercial,Exportações,2001-12-10,2004,71.22,72.0,3.63,65.0,78.2,,0
Balança comercial,Exportações,2001-12-10,2005,75.28,74.0,4.88,68.0,82.7,,0
Balança comercial,Exportações,2001-12-11,2001,58.5,58.43,0.62,56.4,62.0,,0
Balança comercial,Exportações,2001-12-11,2002,61.16,61.0,1.94,55.02,66.0,,0
Balança comercial,Exportações,2001-12-11,2003,66.44,66.34,2.77,62.0,71.5,,0
Balança comercial,Exportações,2001-12-11,2004,71.58,72.05,4.0,65.0,80.5,,0
Balança comercial,Exportações,2001-12-11,2005,76.19,74.0,6.04,68.0,90.8,,0
Balança comercial,Exportações,2001-12-12,2001,58.5,58.41,0.59,56.4,62.0,,0
Balança comercial,Exportações,2001-12-12,2002,61.11,61.0,1.98,55.02,66.0,,0
Balança comercial,Exportações,2001-12-12,2003,66.35,66.34,2.77,62.0,71.5,,0
Balança comercial,Exportações,2001-12-12,2004,71.6,72.0,3.92,65.0,80.5,,0
Balança comercial,Exportações,2001-12-12,2005,76.41,75.0,5.93,68.0,90.8,,0
Balança comercial,Exportações,2001-12-13,2001,58.5,58.41,0.59,56.4,62.0,,0
Balança comercial,Exportações,2001-12-13,2002,61.11,61.0,1.98,55.02,66.0,,0
Balança comercial,Exportações,2001-12-13,2003,66.35,66.34,2.77,62.0,71.5,,0
Balança comercial,Exportações,2001-12-13,2004,71.6,72.0,3.92,65.0,80.5,,0
Balança comercial,Exportações,2001-12-13,2005,76.41,75.0,5.93,68.0,90.8,,0
Balança comercial,Exportações,2001-12-14,2001,58.4,58.33,0.54,54.85,59.5,,0
Balança comercial,Exportações,2001-12-14,2002,61.02,61.0,1.92,55.02,66.0,,0
Balança comercial,Exportações,2001-12-14,2003,66.32,66.17,2.86,62.0,71.9,,0
Balança comercial,Exportações,2001-12-14,2004,71.76,72.0,4.19,65.0,80.5,,0
Balança comercial,Exportações,2001-12-14,2005,76.78,77.5,5.98,68.0,90.8,,0
Balança comercial,Exportações,2001-12-17,2001,58.38,58.3,0.54,54.85,59.5,,0
Balança comercial,Exportações,2001-12-17,2002,61.0,61.0,1.8900000000000001,55.02,66.0,,0
Balança comercial,Exportações,2001-12-17,2003,66.27,66.17,2.83,62.0,71.9,,0
Balança comercial,Exportações,2001-12-17,2004,71.68,72.0,4.13,65.0,80.5,,0
Balança comercial,Exportações,2001-12-17,2005,76.78,77.5,5.98,68.0,90.8,,0
Balança comercial,Exportações,2001-12-18,2001,58.41,58.31,0.56,54.85,59.71,,0
Balança comercial,Exportações,2001-12-18,2002,60.98,61.0,1.88,55.02,66.0,,0
Balança comercial,Exportações,2001-12-18,2003,66.22,66.0,2.81,62.0,71.9,,0
Balança comercial,Exportações,2001-12-18,2004,71.68,72.0,4.13,65.0,80.5,,0
Balança comercial,Exportações,2001-12-18,2005,76.78,77.5,5.98,68.0,90.8,,0
Balança comercial,Exportações,2001-12-19,2001,58.4,58.31,0.56,54.85,59.71,,0
Balança comercial,Exportações,2001-12-19,2002,60.97,61.0,1.8900000000000001,55.02,66.0,,0
Balança comercial,Exportações,2001-12-19,2003,66.22,66.0,2.81,62.0,71.9,,0
Balança comercial,Exportações,2001-12-19,2004,71.68,72.0,4.13,65.0,80.5,,0
Balança comercial,Exportações,2001-12-19,2005,76.78,77.5,5.98,68.0,90.8,,0
Balança comercial,Exportações,2001-12-20,2001,58.39,58.31,0.56,54.85,59.71,,0
Balança comercial,Exportações,2001-12-20,2002,60.82,60.95,1.81,55.02,66.0,,0
Balança comercial,Exportações,2001-12-20,2003,65.98,66.0,2.66,62.0,71.9,,0
Balança comercial,Exportações,2001-12-20,2004,71.17,72.0,3.94,65.0,80.5,,0
Balança comercial,Exportações,2001-12-20,2005,76.74,77.5,5.95,68.0,90.8,,0
Balança comercial,Exportações,2001-12-21,2001,58.39,58.32,0.56,54.85,59.71,,0
Balança comercial,Exportações,2001-12-21,2002,60.82,60.95,1.81,55.02,66.0,,0
Balança comercial,Exportações,2001-12-21,2003,65.98,66.0,2.66,62.0,71.9,,0
Balança comercial,Exportações,2001-12-21,2004,71.17,72.0,3.94,65.0,80.5,,0
Balança comercial,Exportações,2001-12-21,2005,76.74,77.5,5.95,68.0,90.8,,0
Balança comercial,Exportações,2001-12-24,2001,58.39,58.31,0.56,54.85,59.71,,0
Balança comercial,Exportações,2001-12-24,2002,60.78,60.6,1.82,55.02,66.0,,0
Balança comercial,Exportações,2001-12-24,2003,66.01,66.0,2.69,62.0,71.9,,0
Balança comercial,Exportações,2001-12-24,2004,71.31,72.0,3.9699999999999998,65.0,80.5,,0
Balança comercial,Exportações,2001-12-24,2005,77.01,79.0,6.01,68.0,90.8,,0
Balança comercial,Exportações,2001-12-26,2001,58.39,58.32,0.56,54.85,59.71,,0
Balança comercial,Exportações,2001-12-26,2002,60.78,60.6,1.82,55.02,66.0,,0
Balança comercial,Exportações,2001-12-26,2003,66.01,66.0,2.69,62.0,71.9,,0
Balança comercial,Exportações,2001-12-26,2004,71.31,72.0,3.9699999999999998,65.0,80.5,,0
Balança comercial,Exportações,2001-12-26,2005,77.01,79.0,6.01,68.0,90.8,,0
Balança comercial,Exportações,2001-12-27,2001,58.4,58.37,0.5700000000000001,54.85,59.71,,0
Balança comercial,Exportações,2001-12-27,2002,60.78,60.6,1.82,55.02,66.0,,0
Balança comercial,Exportações,2001-12-27,2003,65.99,66.0,2.68,62.0,71.9,,0
Balança comercial,Exportações,2001-12-27,2004,71.28,72.0,3.95,65.0,80.5,,0
Balança comercial,Exportações,2001-12-27,2005,76.98,79.0,5.99,68.0,90.8,,0
Balança comercial,Exportações,2001-12-28,2001,58.46,58.43,0.37,57.6,59.71,,0
Balança comercial,Exportações,2001-12-28,2002,60.71,60.5,1.76,55.02,66.0,,0
Balança comercial,Exportações,2001-12-28,2003,65.93,66.0,2.71,61.0,71.9,,0
Balança comercial,Exportações,2001-12-28,2004,71.12,72.0,4.19,63.3,80.5,,0
Balança comercial,Exportações,2001-12-28,2005,77.3,79.0,5.96,68.0,90.8,,0
Balança comercial,Exportações,2001-12-31,2001,58.45,58.41,0.36,57.6,59.71,,0
Balança comercial,Exportações,2001-12-31,2002,60.71,60.5,1.78,55.02,66.0,,0
Balança comercial,Exportações,2001-12-31,2003,66.03,66.0,2.68,61.0,71.9,,0
Balança comercial,Exportações,2001-12-31,2004,71.12,72.0,4.19,63.3,80.5,,0
Balança comercial,Exportações,2001-12-31,2005,77.3,79.0,5.96,68.0,90.8,,0
Balança comercial,Exportações,2002-01-02,2001,58.47,58.46,0.37,57.6,59.71,,0
Balança comercial,Exportações,2002-01-02,2002,60.72,60.5,1.77,55.02,66.0,,0
Balança comercial,Exportações,2002-01-02,2003,66.03,66.0,2.68,61.0,71.9,,0
Balança comercial,Exportações,2002-01-02,2004,71.12,72.0,4.19,63.3,80.5,,0
Balança comercial,Exportações,2002-01-02,2005,77.3,79.0,5.96,68.0,90.8,,0
Balança comercial,Exportações,2002-01-03,2001,58.46,58.41,0.37,57.6,59.71,,0
Balança comercial,Exportações,2002-01-03,2002,60.76,60.6,1.79,55.02,66.0,,0
Balança comercial,Exportações,2002-01-03,2003,66.03,66.0,2.68,61.0,71.9,,0
Balança comercial,Exportações,2002-01-03,2004,71.12,72.0,4.19,63.3,80.5,,0
Balança comercial,Exportações,2002-01-03,2005,77.3,79.0,5.96,68.0,90.8,,0
Balança comercial,Exportações,2002-01-04,2001,58.45,58.4,0.35000000000000003,57.8,59.71,,0
Balança comercial,Exportações,2002-01-04,2002,60.7,60.5,1.74,55.02,66.0,,0
Balança comercial,Exportações,2002-01-04,2003,65.75,66.0,2.56,61.0,71.9,,0
Balança comercial,Exportações,2002-01-04,2004,71.08,72.0,4.16,63.3,80.5,,0
Balança comercial,Exportações,2002-01-04,2005,77.44,79.0,5.83,68.0,90.8,,0
Balança comercial,Exportações,2002-01-07,2002,60.76,60.5,1.72,55.02,66.0,,0
Balança comercial,Exportações,2002-01-07,2003,65.89,66.0,2.65,61.0,71.9,,0
Balança comercial,Exportações,2002-01-07,2004,71.08,72.0,4.16,63.3,80.5,,0
Balança comercial,Exportações,2002-01-07,2005,77.44,79.0,5.83,68.0,90.8,,0
Balança comercial,Exportações,2002-01-08,2002,60.77,60.6,1.71,55.02,66.0,,0
Balança comercial,Exportações,2002-01-08,2003,65.82,66.0,2.64,61.0,71.9,,0
Balança comercial,Exportações,2002-01-08,2004,71.1,72.0,4.08,63.3,80.5,,0
Balança comercial,Exportações,2002-01-08,2005,77.33,79.0,5.7,68.0,90.8,,0
Balança comercial,Exportações,2002-01-08,2006,79.3,79.3,0.0,79.3,79.3,,0
Balança comercial,Exportações,2002-01-09,2002,60.77,60.6,1.71,55.02,66.0,,0
Balança comercial,Exportações,2002-01-09,2003,65.82,66.0,2.64,61.0,71.9,,0
Balança comercial,Exportações,2002-01-09,2004,71.1,72.0,4.08,63.3,80.5,,0
Balança comercial,Exportações,2002-01-09,2005,77.33,79.0,5.7,68.0,90.8,,0
Balança comercial,Exportações,2002-01-09,2006,79.3,79.3,0.0,79.3,79.3,,0
Balança comercial,Exportações,2002-01-10,2002,60.8,60.73,1.69,55.02,66.0,,0
Balança comercial,Exportações,2002-01-10,2003,65.75,66.0,2.69,61.0,71.9,,0
Balança comercial,Exportações,2002-01-10,2004,70.98,72.0,4.04,63.3,80.5,,0
Balança comercial,Exportações,2002-01-10,2005,77.08,79.0,5.67,68.0,90.8,,0
Balança comercial,Exportações,2002-01-10,2006,79.66,79.3,8.84,71.0,94.0,,0
Balança comercial,Exportações,2002-01-11,2002,60.73,60.7,1.67,55.02,66.0,,0
Balança comercial,Exportações,2002-01-11,2003,65.75,66.0,2.69,61.0,71.9,,0
Balança comercial,Exportações,2002-01-11,2004,71.06,72.0,4.08,63.3,80.5,,0
Balança comercial,Exportações,2002-01-11,2005,77.17,79.0,5.67,68.0,90.8,,0
Balança comercial,Exportações,2002-01-11,2006,80.05,79.65,7.97,71.0,94.0,,0
Balança comercial,Exportações,2002-01-14,2002,60.72,60.73,1.71,55.02,66.0,,0
Balança comercial,Exportações,2002-01-14,2003,65.74,65.75,2.7,61.0,71.9,,0
Balança comercial,Exportações,2002-01-14,2004,71.03,72.0,4.1,64.0,80.5,,0
Balança comercial,Exportações,2002-01-14,2005,77.08,78.5,5.8,68.0,90.8,,0
Balança comercial,Exportações,2002-01-14,2006,80.05,79.65,7.97,71.0,94.0,,0
Balança comercial,Exportações,2002-01-15,2002,60.72,60.73,1.71,55.02,66.0,,0
Balança comercial,Exportações,2002-01-15,2003,65.76,66.0,2.67,61.0,71.9,,0
Balança comercial,Exportações,2002-01-15,2004,71.08,72.0,4.03,64.0,80.5,,0
Balança comercial,Exportações,2002-01-15,2005,77.17,79.0,5.66,68.0,90.8,,0
Balança comercial,Exportações,2002-01-15,2006,80.05,79.65,7.97,71.0,94.0,,0
Balança comercial,Exportações,2002-01-16,2002,60.72,60.73,1.71,55.02,66.0,,0
Balança comercial,Exportações,2002-01-16,2003,65.76,66.0,2.67,61.0,71.9,,0
Balança comercial,Exportações,2002-01-16,2004,71.08,72.0,4.03,64.0,80.5,,0
Balança comercial,Exportações,2002-01-16,2005,77.17,79.0,5.66,68.0,90.8,,0
Balança comercial,Exportações,2002-01-16,2006,80.05,79.65,7.97,71.0,94.0,,0
Balança comercial,Exportações,2002-01-17,2002,60.76,60.77,1.74,55.02,66.0,,0
Balança comercial,Exportações,2002-01-17,2003,65.7,66.0,2.64,61.0,71.9,,0
Balança comercial,Exportações,2002-01-17,2004,71.08,72.0,4.03,64.0,80.5,,0
Balança comercial,Exportações,2002-01-17,2005,77.17,79.0,5.66,68.0,90.8,,0
Balança comercial,Exportações,2002-01-17,2006,79.33,79.3,7.52,71.0,94.0,,0
Balança comercial,Exportações,2002-01-18,2002,60.71,60.77,1.74,55.02,66.0,,0
Balança comercial,Exportações,2002-01-18,2003,65.62,66.0,2.56,61.0,71.9,,0
Balança comercial,Exportações,2002-01-18,2004,71.08,72.0,4.03,64.0,80.5,,0
Balança comercial,Exportações,2002-01-18,2005,77.17,79.0,5.66,68.0,90.8,,0
Balança comercial,Exportações,2002-01-18,2006,79.33,79.3,7.52,71.0,94.0,,0
Balança comercial,Exportações,2002-01-21,2002,60.78,60.77,1.65,56.8,66.0,,0
Balança comercial,Exportações,2002-01-21,2003,65.62,66.0,2.56,61.0,71.9,,0
Balança comercial,Exportações,2002-01-21,2004,71.08,72.0,4.03,64.0,80.5,,0
Balança comercial,Exportações,2002-01-21,2005,77.17,79.0,5.66,68.0,90.8,,0
Balança comercial,Exportações,2002-01-21,2006,79.33,79.3,7.52,71.0,94.0,,0
Balança comercial,Exportações,2002-01-22,2002,60.76,60.77,1.6400000000000001,56.8,66.0,,0
Balança comercial,Exportações,2002-01-22,2003,65.64,66.0,2.58,61.0,71.9,,0
Balança comercial,Exportações,2002-01-22,2004,71.21,72.05,4.01,64.0,80.5,,0
Balança comercial,Exportações,2002-01-22,2005,77.17,79.0,5.66,68.0,90.8,,0
Balança comercial,Exportações,2002-01-22,2006,79.33,79.3,7.52,71.0,94.0,,0
Balança comercial,Exportações,2002-01-23,2002,60.76,60.77,1.6400000000000001,56.8,66.0,,0
Balança comercial,Exportações,2002-01-23,2003,65.64,66.0,2.58,61.0,71.9,,0
Balança comercial,Exportações,2002-01-23,2004,71.21,72.05,4.01,64.0,80.5,,0
Balança comercial,Exportações,2002-01-23,2005,77.17,79.0,5.66,68.0,90.8,,0
Balança comercial,Exportações,2002-01-23,2006,79.33,79.3,7.52,71.0,94.0,,0
Balança comercial,Exportações,2002-01-24,2002,60.76,60.77,1.6400000000000001,56.8,66.0,,0
Balança comercial,Exportações,2002-01-24,2003,65.61,66.0,2.55,61.0,71.9,,0
Balança comercial,Exportações,2002-01-24,2004,71.21,72.05,4.01,64.0,80.5,,0
Balança comercial,Exportações,2002-01-24,2005,77.17,79.0,5.66,68.0,90.8,,0
Balança comercial,Exportações,2002-01-24,2006,79.33,79.3,7.52,71.0,94.0,,0
Balança comercial,Exportações,2002-01-25,2002,60.74,60.77,1.63,56.8,66.0,,0
Balança comercial,Exportações,2002-01-25,2003,65.71,66.0,2.74,61.0,71.9,,0
Balança comercial,Exportações,2002-01-25,2004,71.21,72.05,4.01,64.0,80.5,,0
Balança comercial,Exportações,2002-01-25,2005,77.17,79.0,5.66,68.0,90.8,,0
Balança comercial,Exportações,2002-01-25,2006,79.33,79.3,7.52,71.0,94.0,,0
Balança comercial,Exportações,2002-01-28,2002,60.76,60.77,1.63,56.8,66.0,,0
Balança comercial,Exportações,2002-01-28,2003,65.68,66.0,2.81,61.0,71.9,,0
Balança comercial,Exportações,2002-01-28,2004,71.11,72.0,4.05,64.0,80.5,,0
Balança comercial,Exportações,2002-01-28,2005,77.0,78.5,5.76,68.0,90.8,,0
Balança comercial,Exportações,2002-01-28,2006,80.16,79.65,7.35,71.0,94.0,,0
Balança comercial,Exportações,2002-01-29,2002,60.7,60.67,1.6099999999999999,56.8,66.0,,0
Balança comercial,Exportações,2002-01-29,2003,65.63,66.0,2.77,61.0,71.9,,0
Balança comercial,Exportações,2002-01-29,2004,71.2,72.25,4.0,64.0,80.5,,0
Balança comercial,Exportações,2002-01-29,2005,77.05,78.0,5.62,68.0,90.8,,0
Balança comercial,Exportações,2002-01-29,2006,80.76,80.0,7.1,71.0,94.0,,0
Balança comercial,Exportações,2002-01-30,2002,60.7,60.67,1.6099999999999999,56.8,66.0,,0
Balança comercial,Exportações,2002-01-30,2003,65.63,66.0,2.77,61.0,71.9,,0
Balança comercial,Exportações,2002-01-30,2004,71.2,72.25,4.0,64.0,80.5,,0
Balança comercial,Exportações,2002-01-30,2005,77.05,78.0,5.62,68.0,90.8,,0
Balança comercial,Exportações,2002-01-30,2006,80.76,80.0,7.1,71.0,94.0,,0
Balança comercial,Exportações,2002-01-31,2002,60.71,60.67,1.58,56.8,66.0,,0
Balança comercial,Exportações,2002-01-31,2003,65.56,65.71,2.73,61.0,71.9,,0
Balança comercial,Exportações,2002-01-31,2004,70.97,72.05,3.95,64.0,80.5,,0
Balança comercial,Exportações,2002-01-31,2005,76.62,78.0,5.58,68.0,90.8,,0
Balança comercial,Exportações,2002-01-31,2006,80.0,79.15,6.23,71.0,94.0,,0
Balança comercial,Exportações,2002-02-01,2002,60.72,60.77,1.58,56.8,66.0,,0
Balança comercial,Exportações,2002-02-01,2003,65.56,65.71,2.73,61.0,71.9,,0
Balança comercial,Exportações,2002-02-01,2004,70.97,72.05,3.95,64.0,80.5,,0
Balança comercial,Exportações,2002-02-01,2005,76.62,78.0,5.58,68.0,90.8,,0
Balança comercial,Exportações,2002-02-01,2006,80.44,79.3,6.17,71.0,94.0,,0
Balança comercial,Exportações,2002-02-04,2002,60.62,60.77,1.47,56.8,64.0,,0
Balança comercial,Exportações,2002-02-04,2003,65.44,65.71,2.55,61.0,71.9,,0
Balança comercial,Exportações,2002-02-04,2004,70.75,72.0,3.85,64.0,80.5,,0
Balança comercial,Exportações,2002-02-04,2005,76.42,76.58,5.64,68.0,90.8,,0
Balança comercial,Exportações,2002-02-04,2006,80.44,79.3,6.17,71.0,94.0,,0
Balança comercial,Exportações,2002-02-05,2002,60.59,60.74,1.52,56.6,64.0,,0
Balança comercial,Exportações,2002-02-05,2003,65.48,65.71,2.52,61.0,71.9,,0
Balança comercial,Exportações,2002-02-05,2004,70.75,72.0,3.85,64.0,80.5,,0
Balança comercial,Exportações,2002-02-05,2005,76.42,76.58,5.64,68.0,90.8,,0
Balança comercial,Exportações,2002-02-05,2006,80.44,79.3,6.17,71.0,94.0,,0
Balança comercial,Exportações,2002-02-06,2002,60.59,60.74,1.52,56.6,64.0,,0
Balança comercial,Exportações,2002-02-06,2003,65.4,65.41,2.46,61.0,71.9,,0
Balança comercial,Exportações,2002-02-06,2004,70.68,72.0,3.84,64.0,80.5,,0
Balança comercial,Exportações,2002-02-06,2005,76.42,76.58,5.64,68.0,90.8,,0
Balança comercial,Exportações,2002-02-06,2006,80.51,79.3,6.09,71.0,94.0,,0
Balança comercial,Exportações,2002-02-07,2002,60.59,60.74,1.52,56.6,64.0,,0
Balança comercial,Exportações,2002-02-07,2003,65.4,65.41,2.46,61.0,71.9,,0
Balança comercial,Exportações,2002-02-07,2004,70.68,72.0,3.84,64.0,80.5,,0
Balança comercial,Exportações,2002-02-07,2005,76.42,76.58,5.64,68.0,90.8,,0
Balança comercial,Exportações,2002-02-07,2006,80.51,79.3,6.09,71.0,94.0,,0
Balança comercial,Exportações,2002-02-08,2002,60.53,60.7,1.52,56.6,64.0,,0
Balança comercial,Exportações,2002-02-08,2003,65.33,65.2,2.47,61.0,71.9,,0
Balança comercial,Exportações,2002-02-08,2004,70.46,72.0,3.95,64.0,80.5,,0
Balança comercial,Exportações,2002-02-08,2005,76.15,76.0,5.82,68.0,90.8,,0
Balança comercial,Exportações,2002-02-08,2006,80.14,79.0,6.31,71.0,94.0,,0
Balança comercial,Exportações,2002-02-11,2002,60.52,60.6,1.52,56.6,64.0,,0
Balança comercial,Exportações,2002-02-11,2003,65.31,65.2,2.44,61.0,71.9,,0
Balança comercial,Exportações,2002-02-11,2004,70.4,71.0,4.02,64.0,80.5,,0
Balança comercial,Exportações,2002-02-11,2005,75.81,74.0,5.77,68.0,90.8,,0
Balança comercial,Exportações,2002-02-11,2006,78.99,78.09,4.95,71.0,86.0,,0
Balança comercial,Exportações,2002-02-13,2002,60.52,60.6,1.52,56.6,64.0,,0
Balança comercial,Exportações,2002-02-13,2003,65.31,65.2,2.44,61.0,71.9,,0
Balança comercial,Exportações,2002-02-13,2004,70.4,71.0,4.02,64.0,80.5,,0
Balança comercial,Exportações,2002-02-13,2005,75.81,74.0,5.77,68.0,90.8,,0
Balança comercial,Exportações,2002-02-13,2006,78.99,78.09,4.95,71.0,86.0,,0
Balança comercial,Exportações,2002-02-14,2002,60.43,60.3,1.58,56.6,64.0,,0
Balança comercial,Exportações,2002-02-14,2003,65.25,65.0,2.43,61.0,71.9,,0
Balança comercial,Exportações,2002-02-14,2004,70.43,72.0,3.9699999999999998,64.0,80.5,,0
Balança comercial,Exportações,2002-02-14,2005,76.1,76.0,5.85,68.0,90.8,,0
Balança comercial,Exportações,2002-02-14,2006,79.91,78.09,6.13,71.0,94.0,,0
Balança comercial,Exportações,2002-02-15,2002,60.4,60.05,1.58,56.6,64.0,,0
Balança comercial,Exportações,2002-02-15,2003,65.15,64.9,2.51,61.0,71.9,,0
Balança comercial,Exportações,2002-02-15,2004,70.43,72.0,3.9699999999999998,64.0,80.5,,0
Balança comercial,Exportações,2002-02-15,2005,76.1,76.0,5.85,68.0,90.8,,0
Balança comercial,Exportações,2002-02-15,2006,79.91,78.09,6.13,71.0,94.0,,0
Balança comercial,Exportações,2002-02-18,2002,60.36,60.0,1.5899999999999999,56.6,64.0,,0
Balança comercial,Exportações,2002-02-18,2003,65.13,64.9,2.52,61.0,71.9,,0
Balança comercial,Exportações,2002-02-18,2004,70.43,72.0,3.9699999999999998,64.0,80.5,,0
Balança comercial,Exportações,2002-02-18,2005,76.1,76.0,5.85,68.0,90.8,,0
Balança comercial,Exportações,2002-02-18,2006,80.29,79.0,6.09,71.0,94.0,,0
Balança comercial,Exportações,2002-02-19,2002,60.37,60.0,1.6,56.6,64.0,,0
Balança comercial,Exportações,2002-02-19,2003,65.11,64.9,2.52,61.0,71.9,,0
Balança comercial,Exportações,2002-02-19,2004,70.39,72.0,3.95,64.0,80.5,,0
Balança comercial,Exportações,2002-02-19,2005,76.05,75.49,5.84,68.0,90.8,,0
Balança comercial,Exportações,2002-02-19,2006,80.15,79.0,5.99,71.0,94.0,,0
Balança comercial,Exportações,2002-02-20,2002,60.38,60.0,1.5899999999999999,56.6,64.0,,0
Balança comercial,Exportações,2002-02-20,2003,65.11,64.9,2.52,61.0,71.9,,0
Balança comercial,Exportações,2002-02-20,2004,70.39,72.0,3.95,64.0,80.5,,0
Balança comercial,Exportações,2002-02-20,2005,76.05,75.49,5.84,68.0,90.8,,0
Balança comercial,Exportações,2002-02-20,2006,80.15,79.0,5.99,71.0,94.0,,0
Balança comercial,Exportações,2002-02-21,2002,60.37,60.0,1.58,56.6,64.0,,0
Balança comercial,Exportações,2002-02-21,2003,65.11,64.9,2.52,61.0,71.9,,0
Balança comercial,Exportações,2002-02-21,2004,70.39,72.0,3.95,64.0,80.5,,0
Balança comercial,Exportações,2002-02-21,2005,76.05,75.49,5.84,68.0,90.8,,0
Balança comercial,Exportações,2002-02-21,2006,80.15,79.0,5.99,71.0,94.0,,0
Balança comercial,Exportações,2002-02-22,2002,60.31,60.0,1.6099999999999999,56.6,64.0,,0
Balança comercial,Exportações,2002-02-22,2003,65.04,64.9,2.5300000000000002,61.0,71.9,,0
Balança comercial,Exportações,2002-02-22,2004,70.39,72.0,3.95,64.0,80.5,,0
Balança comercial,Exportações,2002-02-22,2005,76.05,75.49,5.84,68.0,90.8,,0
Balança comercial,Exportações,2002-02-22,2006,80.15,79.0,5.99,71.0,94.0,,0
Balança comercial,Exportações,2002-02-25,2002,60.25,60.0,1.55,56.6,64.0,,0
Balança comercial,Exportações,2002-02-25,2003,64.9,64.9,2.36,61.0,71.9,,0
Balança comercial,Exportações,2002-02-25,2004,70.0,71.0,3.46,64.0,75.14,,0
Balança comercial,Exportações,2002-02-25,2005,75.28,74.0,4.82,68.0,82.7,,0
Balança comercial,Exportações,2002-02-25,2006,80.15,79.0,5.99,71.0,94.0,,0
Balança comercial,Exportações,2002-02-26,2002,60.26,60.0,1.54,56.6,64.0,,0
Balança comercial,Exportações,2002-02-26,2003,64.89,64.9,2.36,61.0,71.9,,0
Balança comercial,Exportações,2002-02-26,2004,69.99,71.0,3.48,64.0,75.14,,0
Balança comercial,Exportações,2002-02-26,2005,75.26,74.0,4.85,68.0,82.7,,0
Balança comercial,Exportações,2002-02-26,2006,79.64,78.09,6.13,71.0,94.0,,0
Balança comercial,Exportações,2002-02-27,2002,60.27,60.0,1.54,56.6,64.0,,0
Balança comercial,Exportações,2002-02-27,2003,64.89,64.9,2.36,61.0,71.9,,0
Balança comercial,Exportações,2002-02-27,2004,69.99,71.0,3.48,64.0,75.14,,0
Balança comercial,Exportações,2002-02-27,2005,75.26,74.0,4.85,68.0,82.7,,0
Balança comercial,Exportações,2002-02-27,2006,79.64,78.09,6.13,71.0,94.0,,0
Balança comercial,Exportações,2002-02-28,2002,60.25,60.0,1.56,56.6,64.0,,0
Balança comercial,Exportações,2002-02-28,2003,64.89,64.9,2.36,61.0,71.9,,0
Balança comercial,Exportações,2002-02-28,2004,69.99,71.0,3.48,64.0,75.14,,0
Balança comercial,Exportações,2002-02-28,2005,75.26,74.0,4.85,68.0,82.7,,0
Balança comercial,Exportações,2002-02-28,2006,79.64,78.09,6.13,71.0,94.0,,0
Balança comercial,Exportações,2002-03-01,2002,60.29,60.0,1.57,56.6,64.0,,0
Balança comercial,Exportações,2002-03-01,2003,64.93,64.9,2.37,61.0,71.9,,0
Balança comercial,Exportações,2002-03-01,2004,69.99,71.0,3.48,64.0,75.14,,0
Balança comercial,Exportações,2002-03-01,2005,75.26,74.0,4.85,68.0,82.7,,0
Balança comercial,Exportações,2002-03-01,2006,79.64,78.09,6.13,71.0,94.0,,0
Balança comercial,Exportações,2002-03-04,2002,60.21,60.0,1.55,56.6,64.0,,0
Balança comercial,Exportações,2002-03-04,2003,64.91,64.9,2.4,61.0,71.9,,0
Balança comercial,Exportações,2002-03-04,2004,70.04,72.0,3.54,64.0,75.14,,0
Balança comercial,Exportações,2002-03-04,2005,75.37,75.49,4.97,68.0,82.7,,0
Balança comercial,Exportações,2002-03-04,2006,79.84,79.0,6.28,71.0,94.0,,0
Balança comercial,Exportações,2002-03-05,2002,60.2,60.0,1.57,56.1,64.0,,0
Balança comercial,Exportações,2002-03-05,2003,64.81,64.9,2.5700000000000003,58.6,71.9,,0
Balança comercial,Exportações,2002-03-05,2004,70.04,72.0,3.54,64.0,75.14,,0
Balança comercial,Exportações,2002-03-05,2005,75.37,75.49,4.97,68.0,82.7,,0
Balança comercial,Exportações,2002-03-05,2006,79.84,79.0,6.28,71.0,94.0,,0
Balança comercial,Exportações,2002-03-06,2002,60.16,60.0,1.57,56.1,64.0,,0
Balança comercial,Exportações,2002-03-06,2003,64.74,64.9,2.5300000000000002,58.6,71.9,,0
Balança comercial,Exportações,2002-03-06,2004,70.0,72.0,3.5,64.0,75.14,,0
Balança comercial,Exportações,2002-03-06,2005,75.31,75.49,4.92,68.0,82.7,,0
Balança comercial,Exportações,2002-03-06,2006,79.77,79.0,6.22,71.0,94.0,,0
Balança comercial,Exportações,2002-03-07,2002,60.1,60.0,1.5899999999999999,56.1,64.0,,0
Balança comercial,Exportações,2002-03-07,2003,64.72,64.9,2.58,58.6,71.9,,0
Balança comercial,Exportações,2002-03-07,2004,70.0,72.0,3.5,64.0,75.14,,0
Balança comercial,Exportações,2002-03-07,2005,75.31,75.49,4.92,68.0,82.7,,0
Balança comercial,Exportações,2002-03-07,2006,79.77,79.0,6.22,71.0,94.0,,0
Balança comercial,Exportações,2002-03-08,2002,60.11,60.0,1.58,56.1,64.0,,0
Balança comercial,Exportações,2002-03-08,2003,64.71,64.85,2.5700000000000003,58.6,71.9,,0
Balança comercial,Exportações,2002-03-08,2004,69.94,71.0,3.44,64.0,75.14,,0
Balança comercial,Exportações,2002-03-08,2005,75.17,74.0,4.82,68.0,82.7,,0
Balança comercial,Exportações,2002-03-08,2006,79.77,79.0,6.22,71.0,94.0,,0
Balança comercial,Exportações,2002-03-11,2002,60.09,60.0,1.58,56.1,64.0,,0
Balança comercial,Exportações,2002-03-11,2003,64.67,64.8,2.56,58.6,71.9,,0
Balança comercial,Exportações,2002-03-11,2004,69.94,71.0,3.44,64.0,75.14,,0
Balança comercial,Exportações,2002-03-11,2005,75.17,74.0,4.82,68.0,82.7,,0
Balança comercial,Exportações,2002-03-11,2006,79.77,79.0,6.22,71.0,94.0,,0
Balança comercial,Exportações,2002-03-12,2002,60.07,60.0,1.58,56.1,64.0,,0
Balança comercial,Exportações,2002-03-12,2003,64.67,64.8,2.56,58.6,71.9,,0
Balança comercial,Exportações,2002-03-12,2004,69.94,71.0,3.44,64.0,75.14,,0
Balança comercial,Exportações,2002-03-12,2005,75.17,74.0,4.82,68.0,82.7,,0
Balança comercial,Exportações,2002-03-12,2006,79.77,79.0,6.22,71.0,94.0,,0
Balança comercial,Exportações,2002-03-13,2002,60.08,60.0,1.58,56.1,64.0,,0
Balança comercial,Exportações,2002-03-13,2003,64.67,64.8,2.5300000000000002,58.6,71.9,,0
Balança comercial,Exportações,2002-03-13,2004,69.94,71.0,3.44,64.0,75.14,,0
Balança comercial,Exportações,2002-03-13,2005,75.17,74.0,4.82,68.0,82.7,,0
Balança comercial,Exportações,2002-03-13,2006,79.77,79.0,6.22,71.0,94.0,,0
Balança comercial,Exportações,2002-03-14,2002,60.1,60.0,1.58,56.1,64.0,,0
Balança comercial,Exportações,2002-03-14,2003,64.67,64.8,2.5,58.6,71.9,,0
Balança comercial,Exportações,2002-03-14,2004,69.88,70.0,3.37,64.0,75.14,,0
Balança comercial,Exportações,2002-03-14,2005,75.05,73.4,4.72,68.0,82.7,,0
Balança comercial,Exportações,2002-03-14,2006,79.58,78.09,6.07,71.0,94.0,,0
Balança comercial,Exportações,2002-03-15,2002,59.95,60.0,1.75,54.4,64.0,,0
Balança comercial,Exportações,2002-03-15,2003,64.42,64.7,2.58,58.6,71.9,,0
Balança comercial,Exportações,2002-03-15,2004,69.88,70.0,3.37,64.0,75.14,,0
Balança comercial,Exportações,2002-03-15,2005,75.05,73.4,4.72,68.0,82.7,,0
Balança comercial,Exportações,2002-03-15,2006,79.58,78.09,6.07,71.0,94.0,,0
Balança comercial,Exportações,2002-03-18,2002,59.75,59.97,2.04,54.4,64.0,,0
Balança comercial,Exportações,2002-03-18,2003,64.14,64.5,2.62,58.6,71.9,,0
Balança comercial,Exportações,2002-03-18,2004,69.64,69.5,3.25,64.0,75.14,,0
Balança comercial,Exportações,2002-03-18,2005,74.9,72.81,4.8,68.0,82.7,,0
Balança comercial,Exportações,2002-03-18,2006,79.42,77.17,6.24,71.0,94.0,,0
Balança comercial,Exportações,2002-03-19,2002,59.77,59.99,2.03,54.4,64.0,,0
Balança comercial,Exportações,2002-03-19,2003,64.26,64.5,2.45,59.1,71.9,,0
Balança comercial,Exportações,2002-03-19,2004,69.25,68.68,3.21,64.0,75.14,,0
Balança comercial,Exportações,2002-03-19,2005,74.15,72.6,4.52,68.0,82.66,,0
Balança comercial,Exportações,2002-03-19,2006,77.97,77.0,4.96,71.0,85.7,,0
Balança comercial,Exportações,2002-03-20,2002,59.68,59.99,2.12,54.4,64.0,,0
Balança comercial,Exportações,2002-03-20,2003,64.34,64.5,2.47,59.1,72.4,,0
Balança comercial,Exportações,2002-03-20,2004,69.46,68.84,3.32,64.0,75.14,,0
Balança comercial,Exportações,2002-03-20,2005,74.15,72.6,4.52,68.0,82.66,,0
Balança comercial,Exportações,2002-03-20,2006,77.97,77.0,4.96,71.0,85.7,,0
Balança comercial,Exportações,2002-03-21,2002,59.68,59.99,2.09,54.4,64.0,,0
Balança comercial,Exportações,2002-03-21,2003,64.32,64.5,2.45,59.1,72.4,,0
Balança comercial,Exportações,2002-03-21,2004,69.37,68.68,3.29,64.0,75.14,,0
Balança comercial,Exportações,2002-03-21,2005,74.15,72.7,4.4,68.0,82.66,,0
Balança comercial,Exportações,2002-03-21,2006,77.94,77.09,4.79,71.0,85.7,,0
Balança comercial,Exportações,2002-03-22,2002,59.58,59.97,2.17,54.4,64.0,,0
Balança comercial,Exportações,2002-03-22,2003,64.36,64.5,2.43,59.1,72.4,,0
Balança comercial,Exportações,2002-03-22,2004,69.43,68.68,3.24,64.0,75.14,,0
Balança comercial,Exportações,2002-03-22,2005,74.27,72.75,4.33,68.0,82.66,,0
Balança comercial,Exportações,2002-03-22,2006,78.13,77.34,4.73,71.0,85.7,,0
Balança comercial,Exportações,2002-03-25,2002,59.61,59.99,2.18,54.4,64.0,,0
Balança comercial,Exportações,2002-03-25,2003,64.49,64.5,2.6,59.1,72.4,,0
Balança comercial,Exportações,2002-03-25,2004,69.83,68.84,3.81,64.0,80.5,,0
Balança comercial,Exportações,2002-03-25,2005,75.05,72.81,5.55,68.0,90.8,,0
Balança comercial,Exportações,2002-03-25,2006,78.13,77.34,4.73,71.0,85.7,,0
Balança comercial,Exportações,2002-03-26,2002,59.61,59.99,2.18,54.4,64.0,,0
Balança comercial,Exportações,2002-03-26,2003,64.49,64.5,2.6,59.1,72.4,,0
Balança comercial,Exportações,2002-03-26,2004,69.83,68.84,3.81,64.0,80.5,,0
Balança comercial,Exportações,2002-03-26,2005,75.05,72.81,5.55,68.0,90.8,,0
Balança comercial,Exportações,2002-03-26,2006,78.13,77.34,4.73,71.0,85.7,,0
Balança comercial,Exportações,2002-03-27,2002,59.61,59.99,2.18,54.4,64.0,,0
Balança comercial,Exportações,2002-03-27,2003,64.38,64.5,2.7,58.6,72.4,,0
Balança comercial,Exportações,2002-03-27,2004,69.83,68.84,3.81,64.0,80.5,,0
Balança comercial,Exportações,2002-03-27,2005,75.05,72.81,5.55,68.0,90.8,,0
Balança comercial,Exportações,2002-03-27,2006,78.13,77.34,4.73,71.0,85.7,,0
Balança comercial,Exportações,2002-03-28,2002,59.58,60.0,2.31,52.0,64.0,,0
Balança comercial,Exportações,2002-03-28,2003,64.41,64.5,2.68,58.6,72.4,,0
Balança comercial,Exportações,2002-03-28,2004,69.94,69.0,3.79,64.0,80.5,,0
Balança comercial,Exportações,2002-03-28,2005,75.14,73.4,5.43,68.0,90.8,,0
Balança comercial,Exportações,2002-03-28,2006,78.24,77.5,4.6,71.0,85.7,,0
Balança comercial,Exportações,2002-04-01,2002,59.5,59.74,2.3,52.0,64.0,,0
Balança comercial,Exportações,2002-04-01,2003,64.48,64.5,2.62,58.6,72.4,,0
Balança comercial,Exportações,2002-04-01,2004,69.86,68.84,3.83,64.0,80.5,,0
Balança comercial,Exportações,2002-04-01,2005,74.91,72.81,5.45,68.0,90.8,,0
Balança comercial,Exportações,2002-04-01,2006,78.13,77.34,4.73,71.0,85.7,,0
Balança comercial,Exportações,2002-04-02,2002,59.5,59.74,2.3,52.0,64.0,,0
Balança comercial,Exportações,2002-04-02,2003,64.48,64.5,2.62,58.6,72.4,,0
Balança comercial,Exportações,2002-04-02,2004,69.86,68.84,3.83,64.0,80.5,,0
Balança comercial,Exportações,2002-04-02,2005,74.91,72.81,5.45,68.0,90.8,,0
Balança comercial,Exportações,2002-04-02,2006,78.13,77.34,4.73,71.0,85.7,,0
Balança comercial,Exportações,2002-04-03,2002,59.5,59.74,2.3,52.0,64.0,,0
Balança comercial,Exportações,2002-04-03,2003,64.47,64.5,2.62,58.6,72.4,,0
Balança comercial,Exportações,2002-04-03,2004,69.86,68.84,3.83,64.0,80.5,,0
Balança comercial,Exportações,2002-04-03,2005,74.91,72.81,5.45,68.0,90.8,,0
Balança comercial,Exportações,2002-04-03,2006,78.13,77.34,4.73,71.0,85.7,,0
Balança comercial,Exportações,2002-04-04,2002,59.49,59.5,2.2800000000000002,52.0,64.0,,0
Balança comercial,Exportações,2002-04-04,2003,64.52,64.55,2.62,58.6,72.4,,0
Balança comercial,Exportações,2002-04-04,2004,69.94,69.0,3.79,64.0,80.5,,0
Balança comercial,Exportações,2002-04-04,2005,75.14,73.4,5.43,68.0,90.8,,0
Balança comercial,Exportações,2002-04-04,2006,78.24,77.5,4.6,71.0,85.7,,0
Balança comercial,Exportações,2002-04-05,2002,59.48,59.5,2.2800000000000002,52.0,64.0,,0
Balança comercial,Exportações,2002-04-05,2003,64.52,64.55,2.62,58.6,72.4,,0
Balança comercial,Exportações,2002-04-05,2004,69.94,69.0,3.79,64.0,80.5,,0
Balança comercial,Exportações,2002-04-05,2005,75.14,73.4,5.43,68.0,90.8,,0
Balança comercial,Exportações,2002-04-05,2006,78.24,77.5,4.6,71.0,85.7,,0
Balança comercial,Exportações,2002-04-08,2002,59.55,59.5,2.19,54.4,64.0,,0
Balança comercial,Exportações,2002-04-08,2003,64.54,64.55,2.5700000000000003,59.1,72.4,,0
Balança comercial,Exportações,2002-04-08,2004,69.94,69.0,3.79,64.0,80.5,,0
Balança comercial,Exportações,2002-04-08,2005,75.14,73.4,5.43,68.0,90.8,,0
Balança comercial,Exportações,2002-04-08,2006,78.24,77.5,4.6,71.0,85.7,,0
Balança comercial,Exportações,2002-04-09,2002,59.49,59.5,2.24,54.4,64.0,,0
Balança comercial,Exportações,2002-04-09,2003,64.47,64.55,2.66,59.1,72.4,,0
Balança comercial,Exportações,2002-04-09,2004,69.94,69.0,3.79,64.0,80.5,,0
Balança comercial,Exportações,2002-04-09,2005,75.14,73.4,5.43,68.0,90.8,,0
Balança comercial,Exportações,2002-04-09,2006,78.24,77.5,4.6,71.0,85.7,,0
Balança comercial,Exportações,2002-04-10,2002,59.48,59.45,2.24,54.4,64.0,,0
Balança comercial,Exportações,2002-04-10,2003,64.45,64.5,2.66,59.1,72.4,,0
Balança comercial,Exportações,2002-04-10,2004,69.94,69.0,3.79,64.0,80.5,,0
Balança comercial,Exportações,2002-04-10,2005,75.14,73.4,5.43,68.0,90.8,,0
Balança comercial,Exportações,2002-04-10,2006,78.24,77.5,4.6,71.0,85.7,,0
Balança comercial,Exportações,2002-04-11,2002,59.42,59.45,2.26,54.4,64.0,,0
Balança comercial,Exportações,2002-04-11,2003,64.45,64.5,2.67,59.1,72.4,,0
Balança comercial,Exportações,2002-04-11,2004,70.05,69.5,3.74,64.0,80.5,,0
Balança comercial,Exportações,2002-04-11,2005,75.34,74.0,5.4,68.0,90.8,,0
Balança comercial,Exportações,2002-04-11,2006,78.47,77.75,4.65,71.0,85.7,,0
Balança comercial,Exportações,2002-04-12,2002,59.33,59.3,2.32,54.4,64.0,,0
Balança comercial,Exportações,2002-04-12,2003,64.37,64.25,2.68,59.1,72.4,,0
Balança comercial,Exportações,2002-04-12,2004,69.9,69.0,3.77,64.0,80.5,,0
Balança comercial,Exportações,2002-04-12,2005,75.1,73.4,5.39,68.0,90.8,,0
Balança comercial,Exportações,2002-04-12,2006,78.24,77.5,4.6,71.0,85.7,,0
Balança comercial,Exportações,2002-04-15,2002,59.2,59.2,2.33,54.4,64.0,,0
Balança comercial,Exportações,2002-04-15,2003,64.18,64.0,2.77,59.1,72.4,,0
Balança comercial,Exportações,2002-04-15,2004,69.94,69.5,3.83,64.0,80.5,,0
Balança comercial,Exportações,2002-04-15,2005,75.2,74.0,5.5,68.0,90.8,,0
Balança comercial,Exportações,2002-04-15,2006,78.3,77.75,4.74,71.0,85.7,,0
Balança comercial,Exportações,2002-04-16,2002,59.18,59.2,2.34,54.4,64.0,,0
Balança comercial,Exportações,2002-04-16,2003,64.16,64.0,2.7800000000000002,59.1,72.4,,0
Balança comercial,Exportações,2002-04-16,2004,69.9,69.31,3.8200000000000003,64.0,80.5,,0
Balança comercial,Exportações,2002-04-16,2005,75.1,73.81,5.51,68.0,90.8,,0
Balança comercial,Exportações,2002-04-16,2006,78.24,77.75,4.68,71.0,85.7,,0
Balança comercial,Exportações,2002-04-17,2002,59.11,59.2,2.41,54.4,64.0,,0
Balança comercial,Exportações,2002-04-17,2003,64.16,64.0,2.7800000000000002,59.1,72.4,,0
Balança comercial,Exportações,2002-04-17,2004,69.9,69.31,3.8200000000000003,64.0,80.5,,0
Balança comercial,Exportações,2002-04-17,2005,75.1,73.81,5.51,68.0,90.8,,0
Balança comercial,Exportações,2002-04-17,2006,78.24,77.75,4.68,71.0,85.7,,0
Balança comercial,Exportações,2002-04-18,2002,59.07,59.2,2.41,54.4,64.0,,0
Balança comercial,Exportações,2002-04-18,2003,64.19,64.0,2.8,59.1,72.4,,0
Balança comercial,Exportações,2002-04-18,2004,69.9,69.31,3.8200000000000003,64.0,80.5,,0
Balança comercial,Exportações,2002-04-18,2005,75.1,73.81,5.51,68.0,90.8,,0
Balança comercial,Exportações,2002-04-18,2006,78.24,77.75,4.68,71.0,85.7,,0
Balança comercial,Exportações,2002-04-19,2002,59.07,59.2,2.41,54.4,64.0,,0
Balança comercial,Exportações,2002-04-19,2003,64.18,64.0,2.8,59.1,72.4,,0
Balança comercial,Exportações,2002-04-19,2004,69.9,69.31,3.8200000000000003,64.0,80.5,,0
Balança comercial,Exportações,2002-04-19,2005,75.1,73.81,5.51,68.0,90.8,,0
Balança comercial,Exportações,2002-04-19,2006,78.24,77.75,4.68,71.0,85.7,,0
Balança comercial,Exportações,2002-04-22,2002,58.98,59.0,2.35,54.4,63.6,,0
Balança comercial,Exportações,2002-04-22,2003,64.17,64.0,2.94,59.1,72.4,,0
Balança comercial,Exportações,2002-04-22,2004,69.99,69.62,3.96,64.0,80.5,,0
Balança comercial,Exportações,2002-04-22,2005,75.11,73.26,5.85,68.0,90.8,,0
Balança comercial,Exportações,2002-04-22,2006,77.76,77.5,4.55,71.0,85.7,,0
Balança comercial,Exportações,2002-04-23,2002,59.11,59.2,2.42,54.4,64.0,,0
Balança comercial,Exportações,2002-04-23,2003,64.22,64.0,2.89,59.1,72.4,,0
Balança comercial,Exportações,2002-04-23,2004,69.91,69.31,3.9,64.0,80.5,,0
Balança comercial,Exportações,2002-04-23,2005,74.95,72.7,5.72,68.0,90.8,,0
Balança comercial,Exportações,2002-04-23,2006,77.76,77.5,4.55,71.0,85.7,,0
Balança comercial,Exportações,2002-04-24,2002,59.03,59.19,2.44,54.4,64.0,,0
Balança comercial,Exportações,2002-04-24,2003,64.27,64.0,2.88,59.1,72.4,,0
Balança comercial,Exportações,2002-04-24,2004,70.0,69.62,3.86,64.0,80.5,,0
Balança comercial,Exportações,2002-04-24,2005,75.16,73.26,5.64,68.0,90.8,,0
Balança comercial,Exportações,2002-04-24,2006,78.29,78.0,4.84,71.0,85.7,,0
Balança comercial,Exportações,2002-04-25,2002,59.05,59.2,2.42,54.4,64.0,,0
Balança comercial,Exportações,2002-04-25,2003,64.25,64.0,2.86,59.1,72.4,,0
Balança comercial,Exportações,2002-04-25,2004,70.0,69.62,3.86,64.0,80.5,,0
Balança comercial,Exportações,2002-04-25,2005,75.16,73.26,5.64,68.0,90.8,,0
Balança comercial,Exportações,2002-04-25,2006,78.29,78.0,4.84,71.0,85.7,,0
Balança comercial,Exportações,2002-04-26,2002,58.99,59.19,2.45,54.4,64.0,,0
Balança comercial,Exportações,2002-04-26,2003,64.25,64.0,2.86,59.1,72.4,,0
Balança comercial,Exportações,2002-04-26,2004,70.0,69.62,3.86,64.0,80.5,,0
Balança comercial,Exportações,2002-04-26,2005,75.16,73.26,5.64,68.0,90.8,,0
Balança comercial,Exportações,2002-04-26,2006,78.29,78.0,4.84,71.0,85.7,,0
Balança comercial,Exportações,2002-04-29,2002,58.91,59.0,2.43,54.4,64.0,,0
Balança comercial,Exportações,2002-04-29,2003,64.25,64.0,2.86,59.1,72.4,,0
Balança comercial,Exportações,2002-04-29,2004,70.0,69.62,3.86,64.0,80.5,,0
Balança comercial,Exportações,2002-04-29,2005,75.15,73.21,5.65,68.0,90.8,,0
Balança comercial,Exportações,2002-04-29,2006,78.29,78.0,4.84,71.0,85.7,,0
Balança comercial,Exportações,2002-04-30,2002,58.9,59.0,2.43,54.4,64.0,,0
Balança comercial,Exportações,2002-04-30,2003,64.24,64.0,2.86,59.1,72.4,,0
Balança comercial,Exportações,2002-04-30,2004,69.98,69.62,3.84,64.0,80.5,,0
Balança comercial,Exportações,2002-04-30,2005,75.15,73.21,5.65,68.0,90.8,,0
Balança comercial,Exportações,2002-04-30,2006,78.29,78.0,4.84,71.0,85.7,,0
Balança comercial,Exportações,2002-05-02,2002,58.85,59.0,2.46,54.4,64.0,,0
Balança comercial,Exportações,2002-05-02,2003,64.18,64.0,2.93,59.0,72.4,,0
Balança comercial,Exportações,2002-05-02,2004,69.98,69.62,3.84,64.0,80.5,,0
Balança comercial,Exportações,2002-05-02,2005,75.15,73.21,5.65,68.0,90.8,,0
Balança comercial,Exportações,2002-05-02,2006,78.29,78.0,4.84,71.0,85.7,,0
Balança comercial,Exportações,2002-05-03,2002,58.8,59.0,2.46,54.4,64.0,,0
Balança comercial,Exportações,2002-05-03,2003,64.18,64.0,2.93,59.0,72.4,,0
Balança comercial,Exportações,2002-05-03,2004,70.06,69.62,3.86,64.0,80.5,,0
Balança comercial,Exportações,2002-05-03,2005,75.43,73.91,5.64,68.0,90.8,,0
Balança comercial,Exportações,2002-05-03,2006,78.89,79.0,4.96,71.0,85.7,,0
Balança comercial,Exportações,2002-05-06,2002,58.84,59.0,2.41,54.4,64.0,,0
Balança comercial,Exportações,2002-05-06,2003,64.15,64.0,2.96,59.0,72.4,,0
Balança comercial,Exportações,2002-05-06,2004,70.06,69.62,3.86,64.0,80.5,,0
Balança comercial,Exportações,2002-05-06,2005,75.43,73.91,5.64,68.0,90.8,,0
Balança comercial,Exportações,2002-05-06,2006,78.89,79.0,4.96,71.0,85.7,,0
Balança comercial,Exportações,2002-05-07,2002,58.84,59.0,2.42,54.4,64.0,,0
Balança comercial,Exportações,2002-05-07,2003,64.16,64.0,2.93,59.0,72.4,,0
Balança comercial,Exportações,2002-05-07,2004,70.06,69.62,3.86,64.0,80.5,,0
Balança comercial,Exportações,2002-05-07,2005,75.43,73.91,5.64,68.0,90.8,,0
Balança comercial,Exportações,2002-05-07,2006,78.89,79.0,4.96,71.0,85.7,,0
Balança comercial,Exportações,2002-05-08,2002,58.84,59.0,2.41,54.4,64.0,,0
Balança comercial,Exportações,2002-05-08,2003,64.16,64.0,2.93,59.0,72.4,,0
Balança comercial,Exportações,2002-05-08,2004,70.02,69.62,3.85,64.0,80.5,,0
Balança comercial,Exportações,2002-05-08,2005,75.43,73.91,5.64,68.0,90.8,,0
Balança comercial,Exportações,2002-05-08,2006,78.96,79.0,5.06,71.0,86.0,,0
Balança comercial,Exportações,2002-05-09,2002,58.85,59.0,2.36,54.4,64.0,,0
Balança comercial,Exportações,2002-05-09,2003,64.1,64.0,2.87,59.0,72.4,,0
Balança comercial,Exportações,2002-05-09,2004,69.92,69.31,3.8200000000000003,64.0,80.5,,0
Balança comercial,Exportações,2002-05-09,2005,75.36,74.0,5.51,68.0,90.8,,0
Balança comercial,Exportações,2002-05-09,2006,78.87,78.5,4.9,71.0,86.0,,0
Balança comercial,Exportações,2002-05-10,2002,58.81,59.0,2.37,54.4,64.0,,0
Balança comercial,Exportações,2002-05-10,2003,63.96,64.0,2.92,59.0,72.4,,0
Balança comercial,Exportações,2002-05-10,2004,69.92,69.31,3.8200000000000003,64.0,80.5,,0
Balança comercial,Exportações,2002-05-10,2005,75.36,74.0,5.51,68.0,90.8,,0
Balança comercial,Exportações,2002-05-10,2006,78.87,78.5,4.9,71.0,86.0,,0
Balança comercial,Exportações,2002-05-13,2002,58.89,59.0,2.36,54.4,64.0,,0
Balança comercial,Exportações,2002-05-13,2003,64.01,64.0,3.07,58.7,72.4,,0
Balança comercial,Exportações,2002-05-13,2004,69.5,68.5,3.92,64.0,80.5,,0
Balança comercial,Exportações,2002-05-13,2005,75.05,73.81,5.54,68.0,90.8,,0
Balança comercial,Exportações,2002-05-13,2006,78.43,77.75,4.72,71.0,86.0,,0
Balança comercial,Exportações,2002-05-14,2002,58.89,59.0,2.36,54.4,64.0,,0
Balança comercial,Exportações,2002-05-14,2003,63.98,64.0,3.09,58.7,72.4,,0
Balança comercial,Exportações,2002-05-14,2004,69.43,68.4,3.94,64.0,80.5,,0
Balança comercial,Exportações,2002-05-14,2005,75.0,72.71,5.55,68.0,90.8,,0
Balança comercial,Exportações,2002-05-14,2006,76.91,77.25,6.9,57.7,86.0,,0
Balança comercial,Exportações,2002-05-15,2002,58.9,59.0,2.36,54.4,64.0,,0
Balança comercial,Exportações,2002-05-15,2003,63.98,64.0,3.09,58.7,72.4,,0
Balança comercial,Exportações,2002-05-15,2004,69.43,68.4,3.94,64.0,80.5,,0
Balança comercial,Exportações,2002-05-15,2005,75.0,72.71,5.55,68.0,90.8,,0
Balança comercial,Exportações,2002-05-15,2006,76.91,77.25,6.9,57.7,86.0,,0
Balança comercial,Exportações,2002-05-16,2002,58.91,59.0,2.38,54.4,64.0,,0
Balança comercial,Exportações,2002-05-16,2003,63.96,64.0,3.11,58.7,72.4,,0
Balança comercial,Exportações,2002-05-16,2004,69.43,68.4,3.94,64.0,80.5,,0
Balança comercial,Exportações,2002-05-16,2005,75.0,72.71,5.55,68.0,90.8,,0
Balança comercial,Exportações,2002-05-16,2006,76.91,77.25,6.9,57.7,86.0,,0
Balança comercial,Exportações,2002-05-17,2002,58.75,59.0,2.46,54.4,64.0,,0
Balança comercial,Exportações,2002-05-17,2003,63.74,64.0,3.19,58.7,72.4,,0
Balança comercial,Exportações,2002-05-17,2004,69.34,68.4,4.1,61.5,80.5,,0
Balança comercial,Exportações,2002-05-17,2005,75.0,72.71,5.55,68.0,90.8,,0
Balança comercial,Exportações,2002-05-17,2006,76.91,77.25,6.9,57.7,86.0,,0
Balança comercial,Exportações,2002-05-20,2002,58.64,59.0,2.47,54.4,64.0,,0
Balança comercial,Exportações,2002-05-20,2003,63.56,63.68,3.23,58.27,72.4,,0
Balança comercial,Exportações,2002-05-20,2004,68.96,68.0,4.26,61.5,80.5,,0
Balança comercial,Exportações,2002-05-20,2005,75.0,72.71,5.55,68.0,90.8,,0
Balança comercial,Exportações,2002-05-20,2006,76.91,77.25,6.9,57.7,86.0,,0
Balança comercial,Exportações,2002-05-21,2002,58.63,59.0,2.46,54.4,64.0,,0
Balança comercial,Exportações,2002-05-21,2003,63.56,63.68,3.23,58.27,72.4,,0
Balança comercial,Exportações,2002-05-21,2004,68.96,68.0,4.26,61.5,80.5,,0
Balança comercial,Exportações,2002-05-21,2005,75.0,72.71,5.55,68.0,90.8,,0
Balança comercial,Exportações,2002-05-21,2006,76.91,77.25,6.9,57.7,86.0,,0
Balança comercial,Exportações,2002-05-22,2002,58.53,58.85,2.48,54.4,64.0,,0
Balança comercial,Exportações,2002-05-22,2003,63.53,63.59,3.2,58.27,72.4,,0
Balança comercial,Exportações,2002-05-22,2004,68.96,68.0,4.26,61.5,80.5,,0
Balança comercial,Exportações,2002-05-22,2005,75.0,72.71,5.55,68.0,90.8,,0
Balança comercial,Exportações,2002-05-22,2006,76.91,77.25,6.9,57.7,86.0,,0
Balança comercial,Exportações,2002-05-23,2002,58.5,58.85,2.5,54.4,64.0,,0
Balança comercial,Exportações,2002-05-23,2003,63.34,63.4,3.17,58.27,72.4,,0
Balança comercial,Exportações,2002-05-23,2004,68.7,67.9,4.14,61.5,80.5,,0
Balança comercial,Exportações,2002-05-23,2005,75.0,72.71,5.55,68.0,90.8,,0
Balança comercial,Exportações,2002-05-23,2006,77.04,77.25,6.98,57.7,86.0,,0
Balança comercial,Exportações,2002-05-24,2002,58.39,58.5,2.5300000000000002,54.4,64.0,,0
Balança comercial,Exportações,2002-05-24,2003,63.21,63.1,3.18,58.27,72.4,,0
Balança comercial,Exportações,2002-05-24,2004,68.64,67.8,4.07,61.5,80.5,,0
Balança comercial,Exportações,2002-05-24,2005,75.0,72.71,5.55,68.0,90.8,,0
Balança comercial,Exportações,2002-05-24,2006,77.04,77.25,6.98,57.7,86.0,,0
Balança comercial,Exportações,2002-05-27,2002,58.42,58.5,2.5,54.4,64.0,,0
Balança comercial,Exportações,2002-05-27,2003,63.23,63.2,3.19,58.27,72.4,,0
Balança comercial,Exportações,2002-05-27,2004,68.44,67.73,4.14,61.5,80.5,,0
Balança comercial,Exportações,2002-05-27,2005,75.0,72.71,5.55,68.0,90.8,,0
Balança comercial,Exportações,2002-05-27,2006,77.04,77.25,6.98,57.7,86.0,,0
Balança comercial,Exportações,2002-05-28,2002,58.41,58.5,2.51,54.4,64.0,,0
Balança comercial,Exportações,2002-05-28,2003,63.23,63.2,3.19,58.27,72.4,,0
Balança comercial,Exportações,2002-05-28,2004,68.44,67.73,4.14,61.5,80.5,,0
Balança comercial,Exportações,2002-05-28,2005,75.0,72.71,5.55,68.0,90.8,,0
Balança comercial,Exportações,2002-05-28,2006,73.43,77.25,20.14,0.0,86.0,,0
Balança comercial,Exportações,2002-05-29,2002,58.38,58.15,2.51,54.4,64.0,,0
Balança comercial,Exportações,2002-05-29,2003,63.23,63.2,3.19,58.27,72.4,,0
Balança comercial,Exportações,2002-05-29,2004,68.44,67.73,4.14,61.5,80.5,,0
Balança comercial,Exportações,2002-05-29,2005,75.0,72.71,5.55,68.0,90.8,,0
Balança comercial,Exportações,2002-05-29,2006,73.43,77.25,20.14,0.0,86.0,,0
Balança comercial,Exportações,2002-05-31,2002,58.33,58.0,2.51,54.4,64.0,,0
Balança comercial,Exportações,2002-05-31,2003,62.96,62.74,3.16,58.27,72.4,,0
Balança comercial,Exportações,2002-05-31,2004,68.44,67.73,4.14,61.5,80.5,,0
Balança comercial,Exportações,2002-05-31,2005,75.0,72.71,5.55,68.0,90.8,,0
Balança comercial,Exportações,2002-05-31,2006,73.43,77.25,20.14,0.0,86.0,,0
Balança comercial,Exportações,2002-06-03,2002,58.32,58.0,2.51,54.4,64.0,,0
Balança comercial,Exportações,2002-06-03,2003,62.96,62.74,3.16,58.27,72.4,,0
Balança comercial,Exportações,2002-06-03,2004,68.44,67.73,4.14,61.5,80.5,,0
Balança comercial,Exportações,2002-06-03,2005,75.0,72.71,5.55,68.0,90.8,,0
Balança comercial,Exportações,2002-06-03,2006,78.41,77.75,4.71,71.0,86.0,,0
Balança comercial,Exportações,2002-06-04,2002,58.31,58.0,2.52,54.4,64.0,,0
Balança comercial,Exportações,2002-06-04,2003,62.94,62.74,3.18,58.27,72.4,,0
Balança comercial,Exportações,2002-06-04,2004,68.44,67.73,4.14,61.5,80.5,,0
Balança comercial,Exportações,2002-06-04,2005,75.0,72.71,5.55,68.0,90.8,,0
Balança comercial,Exportações,2002-06-04,2006,78.41,77.75,4.71,71.0,86.0,,0
Balança comercial,Exportações,2002-06-05,2002,58.23,58.0,2.55,54.4,64.0,,0
Balança comercial,Exportações,2002-06-05,2003,62.82,62.4,3.12,58.27,72.4,,0
Balança comercial,Exportações,2002-06-05,2004,68.49,67.9,4.12,61.5,80.5,,0
Balança comercial,Exportações,2002-06-05,2005,75.3,74.0,5.41,68.0,90.8,,0
Balança comercial,Exportações,2002-06-05,2006,79.11,78.5,4.64,71.0,86.0,,0
Balança comercial,Exportações,2002-06-06,2002,58.24,58.0,2.5300000000000002,54.4,64.0,,0
Balança comercial,Exportações,2002-06-06,2003,62.82,62.4,3.12,58.27,72.4,,0
Balança comercial,Exportações,2002-06-06,2004,68.49,67.9,4.12,61.5,80.5,,0
Balança comercial,Exportações,2002-06-06,2005,75.3,74.0,5.41,68.0,90.8,,0
Balança comercial,Exportações,2002-06-06,2006,79.11,78.5,4.64,71.0,86.0,,0
Balança comercial,Exportações,2002-06-07,2002,58.24,58.0,2.5300000000000002,54.4,64.0,,0
Balança comercial,Exportações,2002-06-07,2003,62.82,62.4,3.12,58.27,72.4,,0
Balança comercial,Exportações,2002-06-07,2004,68.49,67.9,4.12,61.5,80.5,,0
Balança comercial,Exportações,2002-06-07,2005,75.3,74.0,5.41,68.0,90.8,,0
Balança comercial,Exportações,2002-06-07,2006,79.11,78.5,4.64,71.0,86.0,,0
Balança comercial,Exportações,2002-06-10,2002,58.11,58.0,2.47,54.4,64.0,,0
Balança comercial,Exportações,2002-06-10,2003,62.71,62.25,3.08,58.27,72.4,,0
Balança comercial,Exportações,2002-06-10,2004,68.67,68.0,4.16,61.5,80.5,,0
Balança comercial,Exportações,2002-06-10,2005,75.54,74.0,5.46,68.0,90.8,,0
Balança comercial,Exportações,2002-06-10,2006,79.64,79.31,4.92,71.0,86.0,,0
Balança comercial,Exportações,2002-06-11,2002,58.05,57.99,2.43,54.4,64.0,,0
Balança comercial,Exportações,2002-06-11,2003,62.71,62.25,3.08,58.27,72.4,,0
Balança comercial,Exportações,2002-06-11,2004,68.67,68.0,4.16,61.5,80.5,,0
Balança comercial,Exportações,2002-06-11,2005,75.54,74.0,5.46,68.0,90.8,,0
Balança comercial,Exportações,2002-06-11,2006,79.64,79.31,4.92,71.0,86.0,,0
Balança comercial,Exportações,2002-06-12,2002,58.04,57.99,2.42,54.4,64.0,,0
Balança comercial,Exportações,2002-06-12,2003,62.71,62.25,3.08,58.27,72.4,,0
Balança comercial,Exportações,2002-06-12,2004,68.67,68.0,4.16,61.5,80.5,,0
Balança comercial,Exportações,2002-06-12,2005,75.54,74.0,5.46,68.0,90.8,,0
Balança comercial,Exportações,2002-06-12,2006,79.64,79.31,4.92,71.0,86.0,,0
Balança comercial,Exportações,2002-06-13,2002,58.03,57.99,2.44,53.6,64.0,,0
Balança comercial,Exportações,2002-06-13,2003,62.71,62.25,3.07,58.27,72.4,,0
Balança comercial,Exportações,2002-06-13,2004,68.67,68.0,4.16,61.5,80.5,,0
Balança comercial,Exportações,2002-06-13,2005,75.54,74.0,5.46,68.0,90.8,,0
Balança comercial,Exportações,2002-06-13,2006,79.64,79.31,4.92,71.0,86.0,,0
Balança comercial,Exportações,2002-06-14,2002,57.92,57.99,2.36,53.6,64.0,,0
Balança comercial,Exportações,2002-06-14,2003,62.49,62.1,2.73,58.27,71.5,,0
Balança comercial,Exportações,2002-06-14,2004,68.67,68.0,4.16,61.5,80.5,,0
Balança comercial,Exportações,2002-06-14,2005,75.54,74.0,5.46,68.0,90.8,,0
Balança comercial,Exportações,2002-06-14,2006,79.64,79.31,4.92,71.0,86.0,,0
Balança comercial,Exportações,2002-06-17,2002,57.82,57.3,2.32,53.6,63.0,,0
Balança comercial,Exportações,2002-06-17,2003,62.56,62.1,2.71,58.27,71.5,,0
Balança comercial,Exportações,2002-06-17,2004,68.95,68.0,3.98,62.35,80.5,,0
Balança comercial,Exportações,2002-06-17,2005,75.58,74.0,5.43,68.0,90.8,,0
Balança comercial,Exportações,2002-06-17,2006,79.68,79.31,4.91,71.0,86.0,,0
Balança comercial,Exportações,2002-06-18,2002,57.72,57.06,2.32,53.6,63.0,,0
Balança comercial,Exportações,2002-06-18,2003,62.49,62.0,2.73,58.3,71.5,,0
Balança comercial,Exportações,2002-06-18,2004,68.69,68.0,4.15,61.5,80.5,,0
Balança comercial,Exportações,2002-06-18,2005,75.58,74.0,5.43,68.0,90.8,,0
Balança comercial,Exportações,2002-06-18,2006,79.68,79.31,4.91,71.0,86.0,,0
Balança comercial,Exportações,2002-06-19,2002,57.7,57.06,2.35,53.6,63.0,,0
Balança comercial,Exportações,2002-06-19,2003,62.49,62.0,2.73,58.3,71.5,,0
Balança comercial,Exportações,2002-06-19,2004,68.69,68.0,4.15,61.5,80.5,,0
Balança comercial,Exportações,2002-06-19,2005,75.58,74.0,5.43,68.0,90.8,,0
Balança comercial,Exportações,2002-06-19,2006,79.68,79.31,4.91,71.0,86.0,,0
Balança comercial,Exportações,2002-06-20,2002,57.69,57.06,2.32,53.6,63.0,,0
Balança comercial,Exportações,2002-06-20,2003,62.47,62.0,2.71,58.3,71.5,,0
Balança comercial,Exportações,2002-06-20,2004,68.53,68.0,4.17,61.5,80.5,,0
Balança comercial,Exportações,2002-06-20,2005,75.33,73.35,5.43,68.0,90.8,,0
Balança comercial,Exportações,2002-06-20,2006,79.4,79.0,4.88,71.0,86.0,,0
Balança comercial,Exportações,2002-06-21,2002,57.66,57.03,2.32,53.6,63.0,,0
Balança comercial,Exportações,2002-06-21,2003,62.46,62.0,2.73,58.3,71.5,,0
Balança comercial,Exportações,2002-06-21,2004,68.53,68.0,4.17,61.5,80.5,,0
Balança comercial,Exportações,2002-06-21,2005,75.33,73.35,5.43,68.0,90.8,,0
Balança comercial,Exportações,2002-06-21,2006,79.4,79.0,4.88,71.0,86.0,,0
Balança comercial,Exportações,2002-06-24,2002,57.45,57.0,2.31,53.6,63.0,,0
Balança comercial,Exportações,2002-06-24,2003,62.46,62.0,2.76,58.3,71.5,,0
Balança comercial,Exportações,2002-06-24,2004,68.59,68.0,4.23,61.5,80.5,,0
Balança comercial,Exportações,2002-06-24,2005,75.33,73.35,5.43,68.0,90.8,,0
Balança comercial,Exportações,2002-06-24,2006,79.4,79.0,4.88,71.0,86.0,,0
Balança comercial,Exportações,2002-06-25,2002,57.45,57.0,2.31,53.6,63.0,,0
Balança comercial,Exportações,2002-06-25,2003,62.46,62.0,2.76,58.3,71.5,,0
Balança comercial,Exportações,2002-06-25,2004,68.59,68.0,4.23,61.5,80.5,,0
Balança comercial,Exportações,2002-06-25,2005,75.33,73.35,5.43,68.0,90.8,,0
Balança comercial,Exportações,2002-06-25,2006,79.4,79.0,4.88,71.0,86.0,,0
Balança comercial,Exportações,2002-06-26,2002,57.38,57.0,2.35,53.6,63.0,,0
Balança comercial,Exportações,2002-06-26,2003,62.39,62.0,2.7800000000000002,58.3,71.5,,0
Balança comercial,Exportações,2002-06-26,2004,68.59,68.0,4.23,61.5,80.5,,0
Balança comercial,Exportações,2002-06-26,2005,75.33,73.35,5.43,68.0,90.8,,0
Balança comercial,Exportações,2002-06-26,2006,79.4,79.0,4.88,71.0,86.0,,0
Balança comercial,Exportações,2002-06-27,2002,57.4,57.0,2.36,53.6,63.0,,0
Balança comercial,Exportações,2002-06-27,2003,62.39,62.0,2.7800000000000002,58.3,71.5,,0
Balança comercial,Exportações,2002-06-27,2004,68.59,68.0,4.23,61.5,80.5,,0
Balança comercial,Exportações,2002-06-27,2005,75.33,73.35,5.43,68.0,90.8,,0
Balança comercial,Exportações,2002-06-27,2006,79.4,79.0,4.88,71.0,86.0,,0
Balança comercial,Exportações,2002-06-28,2002,57.19,56.89,2.33,53.6,63.0,,0
Balança comercial,Exportações,2002-06-28,2003,62.12,61.8,2.8,58.3,71.5,,0
Balança comercial,Exportações,2002-06-28,2004,68.52,67.9,4.24,61.5,80.5,,0
Balança comercial,Exportações,2002-06-28,2005,75.23,72.65,5.47,68.0,90.8,,0
Balança comercial,Exportações,2002-06-28,2006,79.34,78.0,4.9,71.0,86.0,,0
Balança comercial,Exportações,2002-07-01,2002,57.22,56.97,2.42,53.2,63.0,,0
Balança comercial,Exportações,2002-07-01,2003,62.09,61.9,2.87,57.0,71.5,,0
Balança comercial,Exportações,2002-07-01,2004,68.35,67.83,4.37,61.0,80.5,,0
Balança comercial,Exportações,2002-07-01,2005,75.36,72.71,5.58,68.0,90.8,,0
Balança comercial,Exportações,2002-07-01,2006,79.43,78.81,5.04,71.0,86.0,,0
Balança comercial,Exportações,2002-07-02,2002,57.19,56.97,2.42,53.2,63.0,,0
Balança comercial,Exportações,2002-07-02,2003,62.0,61.8,2.89,57.0,71.5,,0
Balança comercial,Exportações,2002-07-02,2004,68.19,67.66,4.37,61.0,80.5,,0
Balança comercial,Exportações,2002-07-02,2005,75.04,72.65,5.64,68.0,90.8,,0
Balança comercial,Exportações,2002-07-02,2006,79.07,78.0,5.1,71.0,86.0,,0
Balança comercial,Exportações,2002-07-03,2002,57.17,56.89,2.42,53.2,63.0,,0
Balança comercial,Exportações,2002-07-03,2003,62.01,61.8,2.89,57.0,71.5,,0
Balança comercial,Exportações,2002-07-03,2004,68.19,67.66,4.37,61.0,80.5,,0
Balança comercial,Exportações,2002-07-03,2005,75.04,72.65,5.64,68.0,90.8,,0
Balança comercial,Exportações,2002-07-03,2006,79.07,78.0,5.1,71.0,86.0,,0
Balança comercial,Exportações,2002-07-04,2002,56.95,56.4,2.46,51.5,63.0,,0
Balança comercial,Exportações,2002-07-04,2003,61.81,61.6,3.07,54.2,71.5,,0
Balança comercial,Exportações,2002-07-04,2004,68.17,67.2,4.38,61.0,80.5,,0
Balança comercial,Exportações,2002-07-04,2005,75.02,72.55,5.65,68.0,90.8,,0
Balança comercial,Exportações,2002-07-04,2006,79.04,78.0,5.1,71.0,86.0,,0
Balança comercial,Exportações,2002-07-05,2002,56.8,56.3,2.42,51.5,63.0,,0
Balança comercial,Exportações,2002-07-05,2003,61.53,61.1,2.96,54.2,71.5,,0
Balança comercial,Exportações,2002-07-05,2004,67.86,67.12,4.18,61.0,80.5,,0
Balança comercial,Exportações,2002-07-05,2005,74.56,72.52,5.41,68.0,90.8,,0
Balança comercial,Exportações,2002-07-05,2006,79.08,78.52,4.95,71.0,86.0,,0
Balança comercial,Exportações,2002-07-08,2002,56.51,56.2,2.27,51.5,63.0,,0
Balança comercial,Exportações,2002-07-08,2003,61.13,61.0,2.52,54.2,66.0,,0
Balança comercial,Exportações,2002-07-08,2004,67.25,67.06,3.37,61.0,72.5,,0
Balança comercial,Exportações,2002-07-08,2005,73.61,72.5,3.95,68.0,80.0,,0
Balança comercial,Exportações,2002-07-08,2006,79.44,79.03,5.06,71.0,86.0,,0
Balança comercial,Exportações,2002-07-09,2002,56.45,56.2,2.34,51.5,63.0,,0
Balança comercial,Exportações,2002-07-09,2003,61.09,61.0,2.5700000000000003,54.2,66.0,,0
Balança comercial,Exportações,2002-07-09,2004,67.15,67.06,3.55,60.0,72.5,,0
Balança comercial,Exportações,2002-07-09,2005,73.61,72.5,3.95,68.0,80.0,,0
Balança comercial,Exportações,2002-07-09,2006,79.44,79.03,5.06,71.0,86.0,,0
Balança comercial,Exportações,2002-07-10,2002,56.42,56.1,2.34,51.5,63.0,,0
Balança comercial,Exportações,2002-07-10,2003,61.1,61.0,2.62,54.2,66.0,,0
Balança comercial,Exportações,2002-07-10,2004,67.3,67.12,3.58,60.0,72.5,,0
Balança comercial,Exportações,2002-07-10,2005,73.86,72.52,4.03,68.0,80.0,,0
Balança comercial,Exportações,2002-07-10,2006,79.44,79.03,5.06,71.0,86.0,,0
Balança comercial,Exportações,2002-07-11,2002,56.36,56.0,2.34,51.5,63.0,,0
Balança comercial,Exportações,2002-07-11,2003,61.0,61.0,2.5700000000000003,54.2,66.0,,0
Balança comercial,Exportações,2002-07-11,2004,67.13,67.06,3.5300000000000002,60.0,72.5,,0
Balança comercial,Exportações,2002-07-11,2005,73.61,72.5,3.95,68.0,80.0,,0
Balança comercial,Exportações,2002-07-11,2006,79.08,78.52,4.94,71.0,86.0,,0
Balança comercial,Exportações,2002-07-12,2002,56.22,56.0,2.44,50.5,63.0,,0
Balança comercial,Exportações,2002-07-12,2003,60.92,60.5,2.54,54.2,66.0,,0
Balança comercial,Exportações,2002-07-12,2004,67.3,67.12,3.58,60.0,72.5,,0
Balança comercial,Exportações,2002-07-12,2005,73.86,72.52,4.03,68.0,80.0,,0
Balança comercial,Exportações,2002-07-12,2006,79.44,79.03,5.06,71.0,86.0,,0
Balança comercial,Exportações,2002-07-15,2002,56.24,56.0,2.42,50.5,63.0,,0
Balança comercial,Exportações,2002-07-15,2003,60.9,60.4,2.51,54.2,66.0,,0
Balança comercial,Exportações,2002-07-15,2004,67.3,67.12,3.58,60.0,72.5,,0
Balança comercial,Exportações,2002-07-15,2005,73.86,72.52,4.03,68.0,80.0,,0
Balança comercial,Exportações,2002-07-15,2006,79.44,79.03,5.06,71.0,86.0,,0
Balança comercial,Exportações,2002-07-16,2002,56.2,56.0,2.45,50.5,63.0,,0
Balança comercial,Exportações,2002-07-16,2003,60.9,60.5,2.52,54.2,66.0,,0
Balança comercial,Exportações,2002-07-16,2004,67.25,67.0,3.5300000000000002,60.0,72.5,,0
Balança comercial,Exportações,2002-07-16,2005,73.82,72.52,4.05,68.0,80.0,,0
Balança comercial,Exportações,2002-07-16,2006,79.39,78.06,5.07,71.0,86.0,,0
Balança comercial,Exportações,2002-07-17,2002,56.12,56.0,2.49,50.5,63.0,,0
Balança comercial,Exportações,2002-07-17,2003,60.83,60.6,2.6,54.2,66.0,,0
Balança comercial,Exportações,2002-07-17,2004,67.25,67.0,3.5300000000000002,60.0,72.5,,0
Balança comercial,Exportações,2002-07-17,2005,73.82,72.52,4.05,68.0,80.0,,0
Balança comercial,Exportações,2002-07-17,2006,79.39,78.06,5.07,71.0,86.0,,0
Balança comercial,Exportações,2002-07-18,2002,56.12,56.0,2.48,50.5,63.0,,0
Balança comercial,Exportações,2002-07-18,2003,60.84,60.73,2.58,54.2,66.0,,0
Balança comercial,Exportações,2002-07-18,2004,67.2,67.0,3.47,60.0,72.5,,0
Balança comercial,Exportações,2002-07-18,2005,73.72,72.52,3.95,68.0,80.0,,0
Balança comercial,Exportações,2002-07-18,2006,79.39,78.06,5.07,71.0,86.0,,0
Balança comercial,Exportações,2002-07-19,2002,56.11,56.0,2.52,50.5,63.0,,0
Balança comercial,Exportações,2002-07-19,2003,60.86,60.7,2.59,54.2,66.0,,0
Balança comercial,Exportações,2002-07-19,2004,67.08,67.0,3.35,60.0,72.5,,0
Balança comercial,Exportações,2002-07-19,2005,73.43,72.5,3.7800000000000002,68.0,79.0,,0
Balança comercial,Exportações,2002-07-19,2006,79.36,78.03,5.21,71.0,86.0,,0
Balança comercial,Exportações,2002-07-22,2002,56.08,56.0,2.5,50.5,63.0,,0
Balança comercial,Exportações,2002-07-22,2003,60.89,60.73,2.61,54.2,66.0,,0
Balança comercial,Exportações,2002-07-22,2004,67.19,67.0,3.36,60.0,72.5,,0
Balança comercial,Exportações,2002-07-22,2005,73.6,72.52,3.8,68.0,79.0,,0
Balança comercial,Exportações,2002-07-22,2006,79.61,78.06,5.26,71.0,86.0,,0
Balança comercial,Exportações,2002-07-23,2002,56.04,55.9,2.52,50.5,63.0,,0
Balança comercial,Exportações,2002-07-23,2003,60.86,60.6,2.6,54.2,66.0,,0
Balança comercial,Exportações,2002-07-23,2004,67.19,67.0,3.36,60.0,72.5,,0
Balança comercial,Exportações,2002-07-23,2005,73.6,72.52,3.8,68.0,79.0,,0
Balança comercial,Exportações,2002-07-23,2006,79.61,78.06,5.26,71.0,86.0,,0
Balança comercial,Exportações,2002-07-24,2002,56.03,55.9,2.5300000000000002,50.5,63.0,,0
Balança comercial,Exportações,2002-07-24,2003,60.86,60.6,2.6,54.2,66.0,,0
Balança comercial,Exportações,2002-07-24,2004,67.19,67.0,3.36,60.0,72.5,,0
Balança comercial,Exportações,2002-07-24,2005,73.6,72.52,3.8,68.0,79.0,,0
Balança comercial,Exportações,2002-07-24,2006,79.61,78.06,5.26,71.0,86.0,,0
Balança comercial,Exportações,2002-07-25,2002,56.01,55.8,2.52,50.5,63.0,,0
Balança comercial,Exportações,2002-07-25,2003,60.87,60.7,2.56,54.2,66.0,,0
Balança comercial,Exportações,2002-07-25,2004,67.36,67.0,3.42,60.0,72.5,,0
Balança comercial,Exportações,2002-07-25,2005,73.9,72.54,3.96,68.0,80.0,,0
Balança comercial,Exportações,2002-07-25,2006,79.63,78.93,5.1,71.0,86.0,,0
Balança comercial,Exportações,2002-07-26,2002,55.88,55.25,2.5300000000000002,50.5,63.0,,0
Balança comercial,Exportações,2002-07-26,2003,60.76,60.3,2.59,54.2,66.0,,0
Balança comercial,Exportações,2002-07-26,2004,67.2,67.0,3.52,60.0,72.5,,0
Balança comercial,Exportações,2002-07-26,2005,73.67,72.54,4.17,68.0,80.0,,0
Balança comercial,Exportações,2002-07-26,2006,79.36,78.93,5.33,71.0,86.0,,0
Balança comercial,Exportações,2002-07-29,2002,55.83,55.13,2.46,50.5,63.0,,0
Balança comercial,Exportações,2002-07-29,2003,60.51,60.0,2.81,53.6,66.0,,0
Balança comercial,Exportações,2002-07-29,2004,67.28,67.1,3.55,60.0,72.5,,0
Balança comercial,Exportações,2002-07-29,2005,73.96,72.57,4.06,68.0,80.0,,0
Balança comercial,Exportações,2002-07-29,2006,79.79,79.79,5.15,71.0,86.0,,0
Balança comercial,Exportações,2002-07-30,2002,55.72,55.0,2.4,50.5,63.0,,0
Balança comercial,Exportações,2002-07-30,2003,60.28,60.0,2.81,53.6,66.0,,0
Balança comercial,Exportações,2002-07-30,2004,66.6,66.3,3.74,60.0,72.5,,0
Balança comercial,Exportações,2002-07-30,2005,73.29,72.52,4.11,66.7,79.0,,0
Balança comercial,Exportações,2002-07-30,2006,79.2,78.06,5.67,70.0,86.0,,0
Balança comercial,Exportações,2002-07-31,2002,55.6,55.0,2.36,50.5,63.0,,0
Balança comercial,Exportações,2002-07-31,2003,60.4,60.0,2.75,53.6,66.0,,0
Balança comercial,Exportações,2002-07-31,2004,66.7,66.66,3.68,60.0,72.5,,0
Balança comercial,Exportações,2002-07-31,2005,73.54,72.57,3.92,66.7,79.0,,0
Balança comercial,Exportações,2002-07-31,2006,79.58,79.79,5.46,70.0,86.0,,0
Balança comercial,Exportações,2002-08-01,2002,55.62,55.0,2.37,50.5,63.0,,0
Balança comercial,Exportações,2002-08-01,2003,60.32,60.0,2.7800000000000002,53.6,66.0,,0
Balança comercial,Exportações,2002-08-01,2004,66.7,66.66,3.68,60.0,72.5,,0
Balança comercial,Exportações,2002-08-01,2005,73.54,72.57,3.92,66.7,79.0,,0
Balança comercial,Exportações,2002-08-01,2006,79.58,79.79,5.46,70.0,86.0,,0
Balança comercial,Exportações,2002-08-02,2002,55.67,55.0,2.37,50.5,63.0,,0
Balança comercial,Exportações,2002-08-02,2003,60.37,60.0,2.81,53.6,66.0,,0
Balança comercial,Exportações,2002-08-02,2004,66.81,66.83,3.71,60.0,72.5,,0
Balança comercial,Exportações,2002-08-02,2005,73.81,72.6,3.83,66.7,79.0,,0
Balança comercial,Exportações,2002-08-02,2006,79.97,79.9,5.39,70.0,86.0,,0
Balança comercial,Exportações,2002-08-05,2002,55.71,55.0,2.34,50.5,63.0,,0
Balança comercial,Exportações,2002-08-05,2003,60.5,60.06,2.7,53.6,66.0,,0
Balança comercial,Exportações,2002-08-05,2004,66.81,66.83,3.71,60.0,72.5,,0
Balança comercial,Exportações,2002-08-05,2005,73.81,72.6,3.83,66.7,79.0,,0
Balança comercial,Exportações,2002-08-05,2006,79.97,79.9,5.39,70.0,86.0,,0
Balança comercial,Exportações,2002-08-06,2002,55.73,55.0,2.33,50.5,63.0,,0
Balança comercial,Exportações,2002-08-06,2003,60.48,60.06,2.7199999999999998,53.6,66.0,,0
Balança comercial,Exportações,2002-08-06,2004,66.81,66.83,3.71,60.0,72.5,,0
Balança comercial,Exportações,2002-08-06,2005,73.81,72.6,3.83,66.7,79.0,,0
Balança comercial,Exportações,2002-08-06,2006,79.97,79.9,5.39,70.0,86.0,,0
Balança comercial,Exportações,2002-08-07,2002,55.72,55.13,2.31,50.5,63.0,,0
Balança comercial,Exportações,2002-08-07,2003,60.46,60.0,2.69,53.6,66.0,,0
Balança comercial,Exportações,2002-08-07,2004,66.81,66.83,3.71,60.0,72.5,,0
Balança comercial,Exportações,2002-08-07,2005,73.81,72.6,3.83,66.7,79.0,,0
Balança comercial,Exportações,2002-08-07,2006,79.97,79.9,5.39,70.0,86.0,,0
Balança comercial,Exportações,2002-08-08,2002,55.9,55.0,2.64,50.5,64.9,,0
Balança comercial,Exportações,2002-08-08,2003,60.63,60.0,3.19,53.6,71.5,,0
Balança comercial,Exportações,2002-08-08,2004,67.28,66.83,4.52,60.0,80.5,,0
Balança comercial,Exportações,2002-08-08,2005,74.62,72.6,5.46,66.7,90.8,,0
Balança comercial,Exportações,2002-08-08,2006,79.57,79.79,5.33,70.0,86.0,,0
Balança comercial,Exportações,2002-08-09,2002,55.94,55.15,2.63,50.5,64.9,,0
Balança comercial,Exportações,2002-08-09,2003,60.61,60.0,3.16,53.6,71.5,,0
Balança comercial,Exportações,2002-08-09,2004,67.06,66.66,4.59,60.0,80.5,,0
Balança comercial,Exportações,2002-08-09,2005,74.08,72.57,5.85,63.7,90.8,,0
Balança comercial,Exportações,2002-08-09,2006,78.85,78.93,5.89,68.1,86.0,,0
Balança comercial,Exportações,2002-08-12,2002,56.16,55.2,2.73,51.5,64.9,,0
Balança comercial,Exportações,2002-08-12,2003,60.41,59.95,3.22,53.6,71.5,,0
Balança comercial,Exportações,2002-08-12,2004,66.38,66.12,5.0,56.7,80.5,,0
Balança comercial,Exportações,2002-08-12,2005,72.82,72.5,7.11,57.9,90.8,,0
Balança comercial,Exportações,2002-08-12,2006,76.77,77.53,7.71,59.0,86.0,,0
Balança comercial,Exportações,2002-08-13,2002,56.2,55.3,2.62,51.5,64.9,,0
Balança comercial,Exportações,2002-08-13,2003,60.42,59.95,3.17,53.6,71.5,,0
Balança comercial,Exportações,2002-08-13,2004,66.36,65.95,4.92,56.7,80.5,,0
Balança comercial,Exportações,2002-08-13,2005,72.86,72.5,6.91,57.9,90.8,,0
Balança comercial,Exportações,2002-08-13,2006,77.2,79.48,7.62,59.0,86.0,,0
Balança comercial,Exportações,2002-08-14,2002,56.16,55.1,2.65,51.5,64.9,,0
Balança comercial,Exportações,2002-08-14,2003,60.47,59.95,3.25,53.6,71.5,,0
Balança comercial,Exportações,2002-08-14,2004,66.45,65.95,4.98,56.7,80.5,,0
Balança comercial,Exportações,2002-08-14,2005,72.99,72.52,6.93,57.9,90.8,,0
Balança comercial,Exportações,2002-08-14,2006,77.37,79.79,7.64,59.0,86.0,,0
Balança comercial,Exportações,2002-08-15,2002,56.06,55.0,2.74,51.5,64.9,,0
Balança comercial,Exportações,2002-08-15,2003,60.38,59.76,3.3,53.6,71.5,,0
Balança comercial,Exportações,2002-08-15,2004,66.43,65.73,5.1,56.7,80.5,,0
Balança comercial,Exportações,2002-08-15,2005,73.09,72.52,7.04,57.9,90.8,,0
Balança comercial,Exportações,2002-08-15,2006,77.55,79.79,7.88,59.0,89.0,,0
Balança comercial,Exportações,2002-08-16,2002,56.13,55.0,2.73,51.5,64.9,,0
Balança comercial,Exportações,2002-08-16,2003,60.38,59.76,3.31,53.6,71.5,,0
Balança comercial,Exportações,2002-08-16,2004,66.43,65.5,5.2,56.7,80.5,,0
Balança comercial,Exportações,2002-08-16,2005,73.09,72.5,7.04,57.9,90.8,,0
Balança comercial,Exportações,2002-08-16,2006,77.56,79.8,7.89,59.0,89.0,,0
Balança comercial,Exportações,2002-08-19,2002,56.03,55.1,2.54,52.5,64.9,,0
Balança comercial,Exportações,2002-08-19,2003,60.29,59.7,3.04,55.4,71.5,,0
Balança comercial,Exportações,2002-08-19,2004,65.91,65.2,4.9,56.7,80.5,,0
Balança comercial,Exportações,2002-08-19,2005,72.44,72.29,6.8100000000000005,57.9,90.8,,0
Balança comercial,Exportações,2002-08-19,2006,76.71,78.24,7.44,59.0,89.0,,0
Balança comercial,Exportações,2002-08-20,2002,56.09,55.3,2.46,52.5,64.9,,0
Balança comercial,Exportações,2002-08-20,2003,60.25,59.81,3.0,55.4,71.5,,0
Balança comercial,Exportações,2002-08-20,2004,65.91,65.2,4.9,56.7,80.5,,0
Balança comercial,Exportações,2002-08-20,2005,72.44,72.29,6.8100000000000005,57.9,90.8,,0
Balança comercial,Exportações,2002-08-20,2006,76.71,78.24,7.44,59.0,89.0,,0
Balança comercial,Exportações,2002-08-21,2002,56.0,55.1,2.48,52.5,64.9,,0
Balança comercial,Exportações,2002-08-21,2003,60.19,59.96,3.01,55.4,71.5,,0
Balança comercial,Exportações,2002-08-21,2004,65.91,65.2,4.9,56.7,80.5,,0
Balança comercial,Exportações,2002-08-21,2005,72.44,72.29,6.8100000000000005,57.9,90.8,,0
Balança comercial,Exportações,2002-08-21,2006,77.73,79.48,8.48,59.0,96.0,,0
Balança comercial,Exportações,2002-08-22,2002,55.96,55.05,2.44,52.5,64.9,,0
